,Unnamed: 0,comm_name,state_name,district_name,market_center_name,ArrivalDate,MODALPRICE,arrivalquantity
8871,8872,Arhar (Tur/Red Gram),Karnataka,Hassan,Arasikere,2012-04-01,5900.0,10.0
8872,8873,Arhar (Tur/Red Gram),Karnataka,Hassan,Arasikere,2012-05-01,5400.0,5.0
8873,8874,Arhar (Tur/Red Gram),Karnataka,Hassan,Arasikere,2012-01-16,6560.0,1.0
8874,8875,Arhar (Tur/Red Gram),Karnataka,Hassan,Arasikere,2012-01-17,2860.0,17.0
8875,8876,Arhar (Tur/Red Gram),Karnataka,Hassan,Arasikere,2012-01-18,2860.0,32.0
8876,8877,Arhar (Tur/Red Gram),Karnataka,Hassan,Arasikere,2012-01-19,3000.0,39.0
8877,8878,Arhar (Tur/Red Gram),Karnataka,Hassan,Arasikere,2012-01-21,3030.0,21.0
8878,8879,Arhar (Tur/Red Gram),Karnataka,Hassan,Arasikere,2012-01-25,2900.0,23.0
8879,8880,Arhar (Tur/Red Gram),Karnataka,Hassan,Arasikere,2012-01-27,2950.0,21.0
8880,8881,Arhar (Tur/Red Gram),Karnataka,Hassan,Arasikere,2012-01-31,2900.0,21.0
8881,8882,Arhar (Tur/Red Gram),Karnataka,Hassan,Arasikere,2012-01-02,2600.0,5.0
8882,8883,Arhar (Tur/Red Gram),Karnataka,Hassan,Arasikere,2012-03-02,2750.0,0.0
8883,8884,Arhar (Tur/Red Gram),Karnataka,Hassan,Arasikere,2012-04-02,5500.0,5.0
8884,8885,Arhar (Tur/Red Gram),Karnataka,Hassan,Arasikere,2012-06-02,6350.0,2.0
8885,8886,Arhar (Tur/Red Gram),Karnataka,Hassan,Arasikere,2012-07-02,2900.0,11.0
8886,8887,Arhar (Tur/Red Gram),Karnataka,Hassan,Arasikere,2012-09-02,2500.0,6.0
8887,8888,Arhar (Tur/Red Gram),Karnataka,Hassan,Arasikere,2012-02-13,2800.0,10.0
8888,8889,Arhar (Tur/Red Gram),Karnataka,Hassan,Arasikere,2012-02-15,6300.0,2.0
8889,8890,Arhar (Tur/Red Gram),Karnataka,Hassan,Arasikere,2012-02-24,2650.0,21.0
8890,8891,Arhar (Tur/Red Gram),Karnataka,Hassan,Arasikere,2012-02-27,6740.0,2.0
8891,8892,Arhar (Tur/Red Gram),Karnataka,Hassan,Arasikere,2012-02-28,5700.0,5.0
8892,8893,Arhar (Tur/Red Gram),Karnataka,Hassan,Arasikere,2012-02-29,2710.0,10.0
8893,8894,Arhar (Tur/Red Gram),Karnataka,Hassan,Arasikere,2012-03-14,6000.0,2.0
8894,8895,Arhar (Tur/Red Gram),Karnataka,Hassan,Arasikere,2012-03-15,5000.0,6.0
8895,8896,Arhar (Tur/Red Gram),Karnataka,Hassan,Arasikere,2012-03-19,5124.0,2.0
8896,8897,Arhar (Tur/Red Gram),Karnataka,Hassan,Arasikere,2012-03-28,4800.0,10.0
8897,8898,Arhar (Tur/Red Gram),Karnataka,Hassan,Arasikere,2012-03-29,4800.0,14.0
8898,8899,Arhar (Tur/Red Gram),Karnataka,Hassan,Arasikere,2012-03-30,5500.0,3.0
8899,8900,Arhar (Tur/Red Gram),Karnataka,Hassan,Arasikere,2012-02-04,6360.0,2.0
8900,8901,Arhar (Tur/Red Gram),Karnataka,Hassan,Arasikere,2012-03-04,4800.0,10.0
8901,8902,Arhar (Tur/Red Gram),Karnataka,Hassan,Arasikere,2012-09-04,5087.5,11.5
8902,8903,Arhar (Tur/Red Gram),Karnataka,Hassan,Arasikere,2012-04-17,4800.0,12.0
8903,8904,Arhar (Tur/Red Gram),Karnataka,Hassan,Arasikere,2012-04-19,4800.0,11.0
8904,8905,Arhar (Tur/Red Gram),Karnataka,Hassan,Arasikere,2012-04-20,5425.0,5.0
8905,8906,Arhar (Tur/Red Gram),Karnataka,Hassan,Arasikere,2012-04-26,5100.0,9.0
8906,8907,Arhar (Tur/Red Gram),Karnataka,Hassan,Arasikere,2012-02-05,5592.0,3.0
8907,8908,Arhar (Tur/Red Gram),Karnataka,Hassan,Arasikere,2012-03-05,6000.0,2.0
8908,8909,Arhar (Tur/Red Gram),Karnataka,Hassan,Arasikere,2012-04-05,3450.0,20.0
8909,8910,Arhar (Tur/Red Gram),Karnataka,Hassan,Arasikere,2012-07-05,3450.0,10.0
8910,8911,Arhar (Tur/Red Gram),Karnataka,Hassan,Arasikere,2012-08-05,2000.0,9.0
8911,8912,Arhar (Tur/Red Gram),Karnataka,Hassan,Arasikere,2012-05-15,5662.5,10.0
8912,8913,Arhar (Tur/Red Gram),Karnataka,Hassan,Arasikere,2012-05-17,5500.0,8.5
8913,8914,Arhar (Tur/Red Gram),Karnataka,Hassan,Arasikere,2012-05-23,6325.0,1.0
8914,8915,Arhar (Tur/Red Gram),Karnataka,Hassan,Arasikere,2012-05-25,6388.0,3.0
8915,8916,Arhar (Tur/Red Gram),Karnataka,Hassan,Arasikere,2012-05-29,1950.0,5.0
8916,8917,Arhar (Tur/Red Gram),Karnataka,Hassan,Arasikere,2012-02-06,5350.0,2.0
8917,8918,Arhar (Tur/Red Gram),Karnataka,Hassan,Arasikere,2012-12-06,1950.0,600.0
8918,8919,Arhar (Tur/Red Gram),Karnataka,Hassan,Arasikere,2012-06-16,5750.0,15.0
8919,8920,Arhar (Tur/Red Gram),Karnataka,Hassan,Arasikere,2012-06-22,3260.0,16.0
8920,8921,Arhar (Tur/Red Gram),Karnataka,Hassan,Arasikere,2012-02-07,2000.0,5.0
8921,8922,Arhar (Tur/Red Gram),Karnataka,Hassan,Arasikere,2012-03-07,6750.0,1.0
8922,8923,Arhar (Tur/Red Gram),Karnataka,Hassan,Arasikere,2012-11-07,5800.0,0.0
8923,8924,Arhar (Tur/Red Gram),Karnataka,Hassan,Arasikere,2012-07-25,6750.0,8.0
8924,8925,Arhar (Tur/Red Gram),Karnataka,Hassan,Arasikere,2012-07-30,2225.0,6.0
8925,8926,Arhar (Tur/Red Gram),Karnataka,Hassan,Arasikere,2012-09-08,5800.0,0.0
8926,8927,Arhar (Tur/Red Gram),Karnataka,Hassan,Arasikere,2012-10-08,2140.0,5.0
8927,8928,Arhar (Tur/Red Gram),Karnataka,Hassan,Arasikere,2012-05-09,5780.0,2.0
8928,8929,Arhar (Tur/Red Gram),Karnataka,Hassan,Arasikere,2012-09-15,6000.0,3.0
8929,8930,Arhar (Tur/Red Gram),Karnataka,Hassan,Arasikere,2012-09-18,6025.0,1.0
8930,8931,Arhar (Tur/Red Gram),Karnataka,Hassan,Arasikere,2012-09-27,7000.0,2.0
8931,8932,Arhar (Tur/Red Gram),Karnataka,Hassan,Arasikere,2012-09-28,6000.0,3.0
8932,8933,Arhar (Tur/Red Gram),Karnataka,Hassan,Arasikere,2012-05-10,6325.0,3.0
8933,8934,Arhar (Tur/Red Gram),Karnataka,Hassan,Arasikere,2012-10-16,6250.0,3.0
8934,8935,Arhar (Tur/Red Gram),Karnataka,Hassan,Arasikere,2012-10-30,6200.0,2.0
8935,8936,Arhar (Tur/Red Gram),Karnataka,Hassan,Arasikere,2012-05-11,5910.0,2.0
8936,8937,Arhar (Tur/Red Gram),Karnataka,Hassan,Arasikere,2012-07-11,6050.0,5.0
8937,8938,Arhar (Tur/Red Gram),Karnataka,Hassan,Arasikere,2012-08-11,5700.0,1.0
8938,8939,Arhar (Tur/Red Gram),Karnataka,Hassan,Arasikere,2012-11-13,6950.0,2.0
8939,8940,Arhar (Tur/Red Gram),Karnataka,Hassan,Arasikere,2012-11-16,6000.0,3.0
8940,8941,Arhar (Tur/Red Gram),Karnataka,Hassan,Arasikere,2012-06-12,6200.0,12.0
8941,8942,Arhar (Tur/Red Gram),Karnataka,Hassan,Arasikere,2012-12-20,5950.0,5.0
8942,8943,Arhar (Tur/Red Gram),Karnataka,Hassan,Hassan,2012-02-01,6056.0,2.0
8943,8944,Arhar (Tur/Red Gram),Karnataka,Hassan,Hassan,2012-11-01,6000.0,7.0
8944,8945,Arhar (Tur/Red Gram),Karnataka,Hassan,Hassan,2012-01-17,6350.0,2.0
8945,8946,Arhar (Tur/Red Gram),Karnataka,Hassan,Hassan,2012-01-19,5400.0,2.0
8946,8947,Arhar (Tur/Red Gram),Karnataka,Hassan,Hassan,2012-01-23,6450.0,2.0
8947,8948,Arhar (Tur/Red Gram),Karnataka,Hassan,Hassan,2012-01-28,5600.0,2.0
8948,8949,Arhar (Tur/Red Gram),Karnataka,Hassan,Hassan,2012-01-30,5488.0,11.0
8949,8950,Arhar (Tur/Red Gram),Karnataka,Hassan,Hassan,2012-06-02,6405.0,10.0
8950,8951,Arhar (Tur/Red Gram),Karnataka,Hassan,Hassan,2012-02-13,6350.0,12.0
8951,8952,Arhar (Tur/Red Gram),Karnataka,Hassan,Hassan,2012-02-22,6350.0,16.0
8952,8953,Arhar (Tur/Red Gram),Karnataka,Hassan,Hassan,2012-02-27,5806.0,34.0
8953,8954,Arhar (Tur/Red Gram),Karnataka,Hassan,Hassan,2012-01-03,6200.0,2.0
8954,8955,Arhar (Tur/Red Gram),Karnataka,Hassan,Hassan,2012-07-03,6340.0,5.0
8955,8956,Arhar (Tur/Red Gram),Karnataka,Hassan,Hassan,2012-08-03,6152.0,2.0
8956,8957,Arhar (Tur/Red Gram),Karnataka,Hassan,Hassan,2012-03-13,6150.0,4.0
8957,8958,Arhar (Tur/Red Gram),Karnataka,Hassan,Hassan,2012-03-14,5733.0,0.0
8958,8959,Arhar (Tur/Red Gram),Karnataka,Hassan,Hassan,2012-03-28,5783.0,15.0
8959,8960,Arhar (Tur/Red Gram),Karnataka,Hassan,Hassan,2012-02-04,6000.0,16.0
8960,8961,Arhar (Tur/Red Gram),Karnataka,Hassan,Hassan,2012-12-04,5970.0,13.0
8961,8962,Arhar (Tur/Red Gram),Karnataka,Hassan,Hassan,2012-04-21,6052.0,11.0
8962,8963,Arhar (Tur/Red Gram),Karnataka,Hassan,Hassan,2012-04-30,5625.0,16.0
8963,8964,Arhar (Tur/Red Gram),Karnataka,Hassan,Hassan,2012-05-21,6036.0,19.0
8964,8965,Arhar (Tur/Red Gram),Karnataka,Hassan,Hassan,2012-05-28,5952.0,14.0
8965,8966,Arhar (Tur/Red Gram),Karnataka,Hassan,Hassan,2012-05-31,6300.0,24.0
8966,8967,Arhar (Tur/Red Gram),Karnataka,Hassan,Hassan,2012-06-06,6239.0,22.0
8967,8968,Arhar (Tur/Red Gram),Karnataka,Hassan,Hassan,2012-06-13,6352.0,6.0
8968,8969,Arhar (Tur/Red Gram),Karnataka,Hassan,Hassan,2012-06-23,6500.0,9.0
8969,8970,Arhar (Tur/Red Gram),Karnataka,Hassan,Hassan,2012-06-30,6550.0,22.0
8970,8971,Arhar (Tur/Red Gram),Karnataka,Hassan,Hassan,2012-02-07,6192.0,8.0
8971,8972,Arhar (Tur/Red Gram),Karnataka,Hassan,Hassan,2012-07-16,6750.0,2.0
8972,8973,Arhar (Tur/Red Gram),Karnataka,Hassan,Hassan,2012-07-19,6850.0,2.0
8973,8974,Arhar (Tur/Red Gram),Karnataka,Hassan,Hassan,2012-07-25,8437.0,7.0
8974,8975,Arhar (Tur/Red Gram),Karnataka,Hassan,Hassan,2012-07-27,6850.0,12.0
8975,8976,Arhar (Tur/Red Gram),Karnataka,Hassan,Hassan,2012-08-27,7400.0,18.0
8976,8977,Arhar (Tur/Red Gram),Karnataka,Hassan,Hassan,2012-03-09,6750.0,11.0
8977,8978,Arhar (Tur/Red Gram),Karnataka,Hassan,Hassan,2012-10-09,7203.0,3.0
8978,8979,Arhar (Tur/Red Gram),Karnataka,Hassan,Hassan,2012-01-10,7152.0,12.0
8979,8980,Arhar (Tur/Red Gram),Karnataka,Hassan,Hassan,2012-12-10,7000.0,8.0
8980,8981,Arhar (Tur/Red Gram),Karnataka,Hassan,Hassan,2012-09-11,7053.0,3.0
8981,8982,Arhar (Tur/Red Gram),Karnataka,Hassan,Hassan,2012-11-19,6908.0,20.0
8982,8983,Arhar (Tur/Red Gram),Karnataka,Hassan,Hassan,2012-11-28,6607.0,14.0
8983,8984,Arhar (Tur/Red Gram),Karnataka,Hassan,Hassan,2012-03-12,6900.0,2.0
8984,8985,Arhar (Tur/Red Gram),Karnataka,Hassan,Hassan,2012-12-14,6349.0,24.0
8985,8986,Arhar (Tur/Red Gram),Karnataka,Hassan,Hassan,2012-12-27,1429.0,2.0
8986,8987,Arhar (Tur/Red Gram),Karnataka,Hassan,Holenarsipura,2012-01-02,2845.0,42.0
8987,8988,Arhar (Tur/Red Gram),Karnataka,Hassan,Holenarsipura,2012-02-19,2676.0,0.0
8988,8989,Arhar (Tur/Red Gram),Karnataka,Hassan,Sakaleshpura,2012-01-09,720.0,5.0
49334,49335,Bengal Gram(Gram),Karnataka,Hassan,Arasikere,2012-01-16,4450.0,35.0
49335,49336,Bengal Gram(Gram),Karnataka,Hassan,Arasikere,2012-02-27,4500.0,51.0
49336,49337,Bengal Gram(Gram),Karnataka,Hassan,Arasikere,2012-03-17,3800.0,11.0
49337,49338,Bengal Gram(Gram),Karnataka,Hassan,Arasikere,2012-03-19,4460.0,30.0
49338,49339,Bengal Gram(Gram),Karnataka,Hassan,Arasikere,2012-02-04,4600.0,35.0
49339,49340,Bengal Gram(Gram),Karnataka,Hassan,Arasikere,2012-09-04,3725.0,16.0
49340,49341,Bengal Gram(Gram),Karnataka,Hassan,Arasikere,2012-10-04,3600.0,11.0
49341,49342,Bengal Gram(Gram),Karnataka,Hassan,Arasikere,2012-04-23,4663.0,18.0
49342,49343,Bengal Gram(Gram),Karnataka,Hassan,Arasikere,2012-04-30,4780.0,13.0
49343,49344,Bengal Gram(Gram),Karnataka,Hassan,Arasikere,2012-05-25,5085.0,61.0
49344,49345,Bengal Gram(Gram),Karnataka,Hassan,Arasikere,2012-05-26,4618.0,16.0
49345,49346,Bengal Gram(Gram),Karnataka,Hassan,Arasikere,2012-02-06,4550.0,16.0
49346,49347,Bengal Gram(Gram),Karnataka,Hassan,Arasikere,2012-12-06,4638.0,1325.0
49347,49348,Bengal Gram(Gram),Karnataka,Hassan,Arasikere,2012-06-14,4650.0,13.0
49348,49349,Bengal Gram(Gram),Karnataka,Hassan,Arasikere,2012-06-16,5200.0,55.0
49349,49350,Bengal Gram(Gram),Karnataka,Hassan,Arasikere,2012-06-28,5420.0,1.0
49350,49351,Bengal Gram(Gram),Karnataka,Hassan,Arasikere,2012-11-07,5462.5,8.0
49351,49352,Bengal Gram(Gram),Karnataka,Hassan,Arasikere,2012-07-13,5702.0,5.0
49352,49353,Bengal Gram(Gram),Karnataka,Hassan,Arasikere,2012-07-17,5300.0,21.0
49353,49354,Bengal Gram(Gram),Karnataka,Hassan,Arasikere,2012-07-30,4500.0,4.0
49354,49355,Bengal Gram(Gram),Karnataka,Hassan,Arasikere,2012-09-08,6450.0,15.0
49355,49356,Bengal Gram(Gram),Karnataka,Hassan,Arasikere,2012-08-28,6000.0,6.0
49356,49357,Bengal Gram(Gram),Karnataka,Hassan,Arasikere,2012-05-09,5780.0,13.0
49357,49358,Bengal Gram(Gram),Karnataka,Hassan,Arasikere,2012-09-15,5500.0,9.0
49358,49359,Bengal Gram(Gram),Karnataka,Hassan,Arasikere,2012-09-18,6450.0,21.0
49359,49360,Bengal Gram(Gram),Karnataka,Hassan,Arasikere,2012-09-24,6475.0,17.0
49360,49361,Bengal Gram(Gram),Karnataka,Hassan,Arasikere,2012-05-11,6125.0,5.0
49361,49362,Bengal Gram(Gram),Karnataka,Hassan,Arasikere,2012-11-13,6322.0,14.0
49362,49363,Bengal Gram(Gram),Karnataka,Hassan,Arasikere,2012-11-21,6300.0,8.0
49363,49364,Bengal Gram(Gram),Karnataka,Hassan,Arasikere,2012-11-27,5950.0,2.0
49364,49365,Bengal Gram(Gram),Karnataka,Hassan,Arasikere,2012-12-18,5250.0,2.0
49365,49366,Bengal Gram(Gram),Karnataka,Hassan,Arasikere,2012-12-19,4200.0,16.0
49366,49367,Bengal Gram(Gram),Karnataka,Hassan,Arasikere,2012-12-29,3920.0,17.0
49367,49368,Bengal Gram(Gram),Karnataka,Hassan,Channarayapatna,2012-02-26,3000.0,0.0
49368,49369,Bengal Gram(Gram),Karnataka,Hassan,Hassan,2012-02-01,4276.0,2.0
49369,49370,Bengal Gram(Gram),Karnataka,Hassan,Hassan,2012-11-01,4273.0,13.0
49370,49371,Bengal Gram(Gram),Karnataka,Hassan,Hassan,2012-01-17,4300.0,4.0
49371,49372,Bengal Gram(Gram),Karnataka,Hassan,Hassan,2012-01-23,4304.0,6.0
49372,49373,Bengal Gram(Gram),Karnataka,Hassan,Hassan,2012-01-30,4300.0,4.0
49373,49374,Bengal Gram(Gram),Karnataka,Hassan,Hassan,2012-01-02,4376.0,2.0
49374,49375,Bengal Gram(Gram),Karnataka,Hassan,Hassan,2012-06-02,4184.0,2.0
49375,49376,Bengal Gram(Gram),Karnataka,Hassan,Hassan,2012-02-13,4220.0,6.0
49376,49377,Bengal Gram(Gram),Karnataka,Hassan,Hassan,2012-02-22,4179.5,7.0
49377,49378,Bengal Gram(Gram),Karnataka,Hassan,Hassan,2012-02-27,4336.0,15.0
49378,49379,Bengal Gram(Gram),Karnataka,Hassan,Hassan,2012-01-03,4200.0,5.0
49379,49380,Bengal Gram(Gram),Karnataka,Hassan,Hassan,2012-07-03,4861.0,0.0
49380,49381,Bengal Gram(Gram),Karnataka,Hassan,Hassan,2012-03-13,4543.5,6.0
49381,49382,Bengal Gram(Gram),Karnataka,Hassan,Hassan,2012-03-20,5563.0,1.0
49382,49383,Bengal Gram(Gram),Karnataka,Hassan,Hassan,2012-03-28,5250.0,2.0
49383,49384,Bengal Gram(Gram),Karnataka,Hassan,Hassan,2012-02-04,4600.0,27.0
49384,49385,Bengal Gram(Gram),Karnataka,Hassan,Hassan,2012-12-04,4690.0,5.0
49385,49386,Bengal Gram(Gram),Karnataka,Hassan,Hassan,2012-04-21,4900.0,2.0
49386,49387,Bengal Gram(Gram),Karnataka,Hassan,Hassan,2012-04-30,6629.0,2.0
49387,49388,Bengal Gram(Gram),Karnataka,Hassan,Hassan,2012-05-21,4908.0,6.0
49388,49389,Bengal Gram(Gram),Karnataka,Hassan,Hassan,2012-05-28,7464.0,5.0
49389,49390,Bengal Gram(Gram),Karnataka,Hassan,Hassan,2012-05-31,7653.0,0.0
49390,49391,Bengal Gram(Gram),Karnataka,Hassan,Hassan,2012-06-06,5500.0,12.0
49391,49392,Bengal Gram(Gram),Karnataka,Hassan,Hassan,2012-06-13,6352.0,12.0
49392,49393,Bengal Gram(Gram),Karnataka,Hassan,Hassan,2012-06-23,5405.0,2.0
49393,49394,Bengal Gram(Gram),Karnataka,Hassan,Hassan,2012-02-07,5404.0,7.0
49394,49395,Bengal Gram(Gram),Karnataka,Hassan,Hassan,2012-11-07,5800.0,0.0
49395,49396,Bengal Gram(Gram),Karnataka,Hassan,Hassan,2012-07-16,5630.0,7.0
49396,49397,Bengal Gram(Gram),Karnataka,Hassan,Hassan,2012-07-25,5466.0,12.0
49397,49398,Bengal Gram(Gram),Karnataka,Hassan,Hassan,2012-07-26,5900.0,5.0
49398,49399,Bengal Gram(Gram),Karnataka,Hassan,Hassan,2012-07-27,5900.0,5.0
49399,49400,Bengal Gram(Gram),Karnataka,Hassan,Hassan,2012-01-08,6150.0,22.0
49400,49401,Bengal Gram(Gram),Karnataka,Hassan,Hassan,2012-09-08,6006.0,4.0
49401,49402,Bengal Gram(Gram),Karnataka,Hassan,Hassan,2012-08-27,6153.0,22.0
49402,49403,Bengal Gram(Gram),Karnataka,Hassan,Hassan,2012-03-09,6103.0,4.0
49403,49404,Bengal Gram(Gram),Karnataka,Hassan,Hassan,2012-09-25,6400.0,21.0
49404,49405,Bengal Gram(Gram),Karnataka,Hassan,Hassan,2012-01-10,6382.0,14.0
49405,49406,Bengal Gram(Gram),Karnataka,Hassan,Hassan,2012-12-10,6325.0,9.0
49406,49407,Bengal Gram(Gram),Karnataka,Hassan,Hassan,2012-10-26,5800.0,34.0
49407,49408,Bengal Gram(Gram),Karnataka,Hassan,Hassan,2012-09-11,5950.0,17.0
49408,49409,Bengal Gram(Gram),Karnataka,Hassan,Hassan,2012-11-19,6081.0,11.0
49409,49410,Bengal Gram(Gram),Karnataka,Hassan,Hassan,2012-11-28,6000.0,15.0
49410,49411,Bengal Gram(Gram),Karnataka,Hassan,Hassan,2012-03-12,6012.0,2.0
49411,49412,Bengal Gram(Gram),Karnataka,Hassan,Hassan,2012-12-14,5953.0,15.0
49412,49413,Bengal Gram(Gram),Karnataka,Hassan,Hassan,2012-12-20,6010.0,18.0
49413,49414,Bengal Gram(Gram),Karnataka,Hassan,Holenarsipura,2012-10-10,3000.0,10.0
98078,98079,Black Gram (Urd Beans),Karnataka,Hassan,Arasikere,2012-03-01,5000.0,11.0
98079,98080,Black Gram (Urd Beans),Karnataka,Hassan,Arasikere,2012-01-16,6377.0,6.0
98080,98081,Black Gram (Urd Beans),Karnataka,Hassan,Arasikere,2012-02-13,5245.0,1.0
98081,98082,Black Gram (Urd Beans),Karnataka,Hassan,Arasikere,2012-02-24,5200.0,5.0
98082,98083,Black Gram (Urd Beans),Karnataka,Hassan,Arasikere,2012-02-27,5800.0,6.0
98083,98084,Black Gram (Urd Beans),Karnataka,Hassan,Arasikere,2012-06-03,6100.0,1.0
98084,98085,Black Gram (Urd Beans),Karnataka,Hassan,Arasikere,2012-08-03,4850.0,3.0
98085,98086,Black Gram (Urd Beans),Karnataka,Hassan,Arasikere,2012-03-19,5780.0,3.0
98086,98087,Black Gram (Urd Beans),Karnataka,Hassan,Arasikere,2012-03-30,4650.0,7.0
98087,98088,Black Gram (Urd Beans),Karnataka,Hassan,Arasikere,2012-02-04,5900.0,2.0
98088,98089,Black Gram (Urd Beans),Karnataka,Hassan,Arasikere,2012-04-17,3000.0,5.0
98089,98090,Black Gram (Urd Beans),Karnataka,Hassan,Arasikere,2012-04-19,3000.0,6.0
98090,98091,Black Gram (Urd Beans),Karnataka,Hassan,Arasikere,2012-04-23,5540.0,1.0
98091,98092,Black Gram (Urd Beans),Karnataka,Hassan,Arasikere,2012-04-26,3700.0,6.0
98092,98093,Black Gram (Urd Beans),Karnataka,Hassan,Arasikere,2012-04-05,3700.0,5.0
98093,98094,Black Gram (Urd Beans),Karnataka,Hassan,Arasikere,2012-09-05,5000.0,8.0
98094,98095,Black Gram (Urd Beans),Karnataka,Hassan,Arasikere,2012-05-15,3200.0,5.0
98095,98096,Black Gram (Urd Beans),Karnataka,Hassan,Arasikere,2012-05-17,3200.0,6.0
98096,98097,Black Gram (Urd Beans),Karnataka,Hassan,Arasikere,2012-05-29,5196.0,10.0
98097,98098,Black Gram (Urd Beans),Karnataka,Hassan,Arasikere,2012-04-06,6200.0,2.0
98098,98099,Black Gram (Urd Beans),Karnataka,Hassan,Arasikere,2012-06-16,6560.0,2.0
98099,98100,Black Gram (Urd Beans),Karnataka,Hassan,Arasikere,2012-06-28,5475.0,1.0
98100,98101,Black Gram (Urd Beans),Karnataka,Hassan,Arasikere,2012-06-29,6100.0,2.0
98101,98102,Black Gram (Urd Beans),Karnataka,Hassan,Arasikere,2012-05-07,5220.0,9.0
98102,98103,Black Gram (Urd Beans),Karnataka,Hassan,Arasikere,2012-07-07,5000.0,5.0
98103,98104,Black Gram (Urd Beans),Karnataka,Hassan,Arasikere,2012-11-07,5500.0,0.0
98104,98105,Black Gram (Urd Beans),Karnataka,Hassan,Arasikere,2012-08-08,6200.0,1.0
98105,98106,Black Gram (Urd Beans),Karnataka,Hassan,Arasikere,2012-09-08,5541.0,0.0
98106,98107,Black Gram (Urd Beans),Karnataka,Hassan,Arasikere,2012-10-08,6200.0,1.0
98107,98108,Black Gram (Urd Beans),Karnataka,Hassan,Arasikere,2012-05-09,5500.0,0.0
98108,98109,Black Gram (Urd Beans),Karnataka,Hassan,Arasikere,2012-09-24,5400.0,2.0
98109,98110,Black Gram (Urd Beans),Karnataka,Hassan,Arasikere,2012-10-17,5400.0,2.0
98110,98111,Black Gram (Urd Beans),Karnataka,Hassan,Arasikere,2012-10-22,5575.0,27.0
98111,98112,Black Gram (Urd Beans),Karnataka,Hassan,Arasikere,2012-10-26,3920.0,2.0
98112,98113,Black Gram (Urd Beans),Karnataka,Hassan,Arasikere,2012-10-31,6200.0,1.0
98113,98114,Black Gram (Urd Beans),Karnataka,Hassan,Arasikere,2012-07-11,6600.0,1.0
98114,98115,Black Gram (Urd Beans),Karnataka,Hassan,Arasikere,2012-11-13,5583.0,2.0
98115,98116,Black Gram (Urd Beans),Karnataka,Hassan,Arasikere,2012-11-21,3400.0,0.0
98116,98117,Black Gram (Urd Beans),Karnataka,Hassan,Arasikere,2012-11-30,5450.0,2.0
98117,98118,Black Gram (Urd Beans),Karnataka,Hassan,Arasikere,2012-05-12,5440.0,1.0
98118,98119,Black Gram (Urd Beans),Karnataka,Hassan,Arasikere,2012-06-12,5425.0,1.0
98119,98120,Black Gram (Urd Beans),Karnataka,Hassan,Arasikere,2012-12-18,5900.0,1.0
98120,98121,Black Gram (Urd Beans),Karnataka,Hassan,Arasikere,2012-12-27,6300.0,1.0
98121,98122,Black Gram (Urd Beans),Karnataka,Hassan,Channarayapatna,2012-07-22,4000.0,0.0
98122,98123,Black Gram (Urd Beans),Karnataka,Hassan,Hassan,2012-11-01,6305.0,8.0
98123,98124,Black Gram (Urd Beans),Karnataka,Hassan,Hassan,2012-12-01,5493.0,1.0
98124,98125,Black Gram (Urd Beans),Karnataka,Hassan,Hassan,2012-01-17,5490.0,10.0
98125,98126,Black Gram (Urd Beans),Karnataka,Hassan,Hassan,2012-01-23,5600.0,7.0
98126,98127,Black Gram (Urd Beans),Karnataka,Hassan,Hassan,2012-01-30,5600.0,7.0
98127,98128,Black Gram (Urd Beans),Karnataka,Hassan,Hassan,2012-02-13,6200.0,2.0
98128,98129,Black Gram (Urd Beans),Karnataka,Hassan,Hassan,2012-02-22,5303.0,8.0
98129,98130,Black Gram (Urd Beans),Karnataka,Hassan,Hassan,2012-02-27,6107.0,21.0
98130,98131,Black Gram (Urd Beans),Karnataka,Hassan,Hassan,2012-01-03,6100.0,1.0
98131,98132,Black Gram (Urd Beans),Karnataka,Hassan,Hassan,2012-07-03,1633.0,3.0
98132,98133,Black Gram (Urd Beans),Karnataka,Hassan,Hassan,2012-08-03,6107.0,1.0
98133,98134,Black Gram (Urd Beans),Karnataka,Hassan,Hassan,2012-03-13,5300.0,7.0
98134,98135,Black Gram (Urd Beans),Karnataka,Hassan,Hassan,2012-03-20,4610.0,14.0
98135,98136,Black Gram (Urd Beans),Karnataka,Hassan,Hassan,2012-03-28,5194.0,5.0
98136,98137,Black Gram (Urd Beans),Karnataka,Hassan,Hassan,2012-02-04,6300.0,14.0
98137,98138,Black Gram (Urd Beans),Karnataka,Hassan,Hassan,2012-03-04,5113.0,3.0
98138,98139,Black Gram (Urd Beans),Karnataka,Hassan,Hassan,2012-12-04,5200.0,4.0
98139,98140,Black Gram (Urd Beans),Karnataka,Hassan,Hassan,2012-04-21,5301.0,14.0
98140,98141,Black Gram (Urd Beans),Karnataka,Hassan,Hassan,2012-04-30,5317.0,3.0
98141,98142,Black Gram (Urd Beans),Karnataka,Hassan,Hassan,2012-05-21,6200.0,17.0
98142,98143,Black Gram (Urd Beans),Karnataka,Hassan,Hassan,2012-05-28,5251.0,7.0
98143,98144,Black Gram (Urd Beans),Karnataka,Hassan,Hassan,2012-05-31,6205.0,13.0
98144,98145,Black Gram (Urd Beans),Karnataka,Hassan,Hassan,2012-06-06,5250.0,16.0
98145,98146,Black Gram (Urd Beans),Karnataka,Hassan,Hassan,2012-11-06,5224.0,2.0
98146,98147,Black Gram (Urd Beans),Karnataka,Hassan,Hassan,2012-06-13,5356.0,32.0
98147,98148,Black Gram (Urd Beans),Karnataka,Hassan,Hassan,2012-06-19,5280.0,2.0
98148,98149,Black Gram (Urd Beans),Karnataka,Hassan,Hassan,2012-02-07,6100.0,16.0
98149,98150,Black Gram (Urd Beans),Karnataka,Hassan,Hassan,2012-11-07,5800.0,0.0
98150,98151,Black Gram (Urd Beans),Karnataka,Hassan,Hassan,2012-07-16,6208.0,6.0
98151,98152,Black Gram (Urd Beans),Karnataka,Hassan,Hassan,2012-07-17,5713.0,3.0
98152,98153,Black Gram (Urd Beans),Karnataka,Hassan,Hassan,2012-07-25,5576.0,8.0
98153,98154,Black Gram (Urd Beans),Karnataka,Hassan,Hassan,2012-07-26,6400.0,1.0
98154,98155,Black Gram (Urd Beans),Karnataka,Hassan,Hassan,2012-01-08,6207.0,8.0
98155,98156,Black Gram (Urd Beans),Karnataka,Hassan,Hassan,2012-09-08,6105.0,11.0
98156,98157,Black Gram (Urd Beans),Karnataka,Hassan,Hassan,2012-08-27,6900.0,12.0
98157,98158,Black Gram (Urd Beans),Karnataka,Hassan,Hassan,2012-03-09,5950.0,4.0
98158,98159,Black Gram (Urd Beans),Karnataka,Hassan,Hassan,2012-10-09,5271.0,13.0
98159,98160,Black Gram (Urd Beans),Karnataka,Hassan,Hassan,2012-09-25,6000.0,12.0
98160,98161,Black Gram (Urd Beans),Karnataka,Hassan,Hassan,2012-01-10,6000.0,18.0
98161,98162,Black Gram (Urd Beans),Karnataka,Hassan,Hassan,2012-12-10,6500.0,3.0
98162,98163,Black Gram (Urd Beans),Karnataka,Hassan,Hassan,2012-10-26,6000.0,22.0
98163,98164,Black Gram (Urd Beans),Karnataka,Hassan,Hassan,2012-07-11,5550.0,2.0
98164,98165,Black Gram (Urd Beans),Karnataka,Hassan,Hassan,2012-09-11,6404.0,1.0
98165,98166,Black Gram (Urd Beans),Karnataka,Hassan,Hassan,2012-11-19,5550.0,5.0
98166,98167,Black Gram (Urd Beans),Karnataka,Hassan,Hassan,2012-11-22,5589.0,1.0
98167,98168,Black Gram (Urd Beans),Karnataka,Hassan,Hassan,2012-11-28,6608.0,36.0
98168,98169,Black Gram (Urd Beans),Karnataka,Hassan,Hassan,2012-03-12,6608.0,6.0
98169,98170,Black Gram (Urd Beans),Karnataka,Hassan,Hassan,2012-12-14,6354.0,15.0
98170,98171,Black Gram (Urd Beans),Karnataka,Hassan,Hassan,2012-12-20,5550.0,12.0
98171,98172,Black Gram (Urd Beans),Karnataka,Hassan,Hassan,2012-12-27,5440.0,5.0
98172,98173,Black Gram (Urd Beans),Karnataka,Hassan,Holenarsipura,2012-02-19,1740.0,0.0
132407,132408,Green Gram (Moong),Karnataka,Hassan,Arasikere,2012-03-28,4700.0,9.0
132408,132409,Green Gram (Moong),Karnataka,Hassan,Arasikere,2012-03-04,4700.0,11.0
132409,132410,Green Gram (Moong),Karnataka,Hassan,Arasikere,2012-09-04,4700.0,10.0
132410,132411,Green Gram (Moong),Karnataka,Hassan,Arasikere,2012-04-17,4700.0,10.0
132411,132412,Green Gram (Moong),Karnataka,Hassan,Arasikere,2012-04-19,4700.0,8.0
132412,132413,Green Gram (Moong),Karnataka,Hassan,Arasikere,2012-04-26,5000.0,8.0
132413,132414,Green Gram (Moong),Karnataka,Hassan,Arasikere,2012-04-05,4600.0,8.0
132414,132415,Green Gram (Moong),Karnataka,Hassan,Arasikere,2012-05-15,5200.0,10.5
132415,132416,Green Gram (Moong),Karnataka,Hassan,Arasikere,2012-05-17,5200.0,9.0
132416,132417,Green Gram (Moong),Karnataka,Hassan,Arasikere,2012-06-06,3400.0,4.0
132417,132418,Green Gram (Moong),Karnataka,Hassan,Arasikere,2012-06-15,3750.0,3.0
132418,132419,Green Gram (Moong),Karnataka,Hassan,Arasikere,2012-06-21,4270.0,17.0
132419,132420,Green Gram (Moong),Karnataka,Hassan,Arasikere,2012-06-29,5730.0,22.0
132420,132421,Green Gram (Moong),Karnataka,Hassan,Arasikere,2012-05-07,4585.0,21.0
132421,132422,Green Gram (Moong),Karnataka,Hassan,Arasikere,2012-06-07,6000.0,45.0
132422,132423,Green Gram (Moong),Karnataka,Hassan,Arasikere,2012-09-07,5900.0,18.0
132423,132424,Green Gram (Moong),Karnataka,Hassan,Arasikere,2012-10-07,5915.0,16.0
132424,132425,Green Gram (Moong),Karnataka,Hassan,Arasikere,2012-11-07,5500.0,15.0
132425,132426,Green Gram (Moong),Karnataka,Hassan,Arasikere,2012-07-16,4500.0,34.0
132426,132427,Green Gram (Moong),Karnataka,Hassan,Arasikere,2012-07-17,5250.0,12.0
132427,132428,Green Gram (Moong),Karnataka,Hassan,Arasikere,2012-07-18,5620.0,13.0
132428,132429,Green Gram (Moong),Karnataka,Hassan,Arasikere,2012-07-19,5300.0,14.0
132429,132430,Green Gram (Moong),Karnataka,Hassan,Arasikere,2012-07-20,5500.0,102.0
132430,132431,Green Gram (Moong),Karnataka,Hassan,Arasikere,2012-07-23,4570.0,12.0
132431,132432,Green Gram (Moong),Karnataka,Hassan,Arasikere,2012-07-24,4200.0,10.0
132432,132433,Green Gram (Moong),Karnataka,Hassan,Arasikere,2012-07-25,5300.0,30.0
132433,132434,Green Gram (Moong),Karnataka,Hassan,Arasikere,2012-07-26,5300.0,35.0
132434,132435,Green Gram (Moong),Karnataka,Hassan,Arasikere,2012-07-28,5700.0,12.0
132435,132436,Green Gram (Moong),Karnataka,Hassan,Arasikere,2012-02-08,4800.0,24.0
132436,132437,Green Gram (Moong),Karnataka,Hassan,Arasikere,2012-06-08,4600.0,16.0
132437,132438,Green Gram (Moong),Karnataka,Hassan,Arasikere,2012-07-08,5200.0,23.0
132438,132439,Green Gram (Moong),Karnataka,Hassan,Arasikere,2012-09-08,5550.0,20.0
132439,132440,Green Gram (Moong),Karnataka,Hassan,Arasikere,2012-10-08,4550.0,16.0
132440,132441,Green Gram (Moong),Karnataka,Hassan,Arasikere,2012-08-13,5470.0,4.0
132441,132442,Green Gram (Moong),Karnataka,Hassan,Arasikere,2012-08-23,4550.0,16.0
132442,132443,Green Gram (Moong),Karnataka,Hassan,Arasikere,2012-05-09,4347.0,0.0
132443,132444,Green Gram (Moong),Karnataka,Hassan,Arasikere,2012-06-09,2450.0,5.0
132444,132445,Green Gram (Moong),Karnataka,Hassan,Arasikere,2012-10-17,5000.0,15.0
132445,132446,Green Gram (Moong),Karnataka,Hassan,Channarayapatna,2012-01-07,5000.0,1.0
132446,132447,Green Gram (Moong),Karnataka,Hassan,Channarayapatna,2012-08-07,5000.0,0.0
132447,132448,Green Gram (Moong),Karnataka,Hassan,Channarayapatna,2012-07-14,5280.0,10.0
132448,132449,Green Gram (Moong),Karnataka,Hassan,Channarayapatna,2012-07-15,5000.0,3.0
132449,132450,Green Gram (Moong),Karnataka,Hassan,Channarayapatna,2012-07-22,5900.0,10.0
132450,132451,Green Gram (Moong),Karnataka,Hassan,Channarayapatna,2012-07-23,5000.0,1.0
132451,132452,Green Gram (Moong),Karnataka,Hassan,Channarayapatna,2012-07-30,5000.0,0.0
132452,132453,Green Gram (Moong),Karnataka,Hassan,Channarayapatna,2012-07-08,5000.0,0.0
132453,132454,Green Gram (Moong),Karnataka,Hassan,Hassan,2012-11-07,7000.0,0.0
173288,173289,Arhar (Tur/Red Gram),Karnataka,Hassan,Arasikere,2013-02-01,5150.0,2.0
173289,173290,Arhar (Tur/Red Gram),Karnataka,Hassan,Arasikere,2013-05-01,7100.0,2.0
173290,173291,Arhar (Tur/Red Gram),Karnataka,Hassan,Arasikere,2013-01-31,5925.0,2.0
173291,173292,Arhar (Tur/Red Gram),Karnataka,Hassan,Arasikere,2013-01-02,5840.0,4.0
173292,173293,Arhar (Tur/Red Gram),Karnataka,Hassan,Arasikere,2013-11-02,5125.0,2.0
173293,173294,Arhar (Tur/Red Gram),Karnataka,Hassan,Arasikere,2013-02-13,5925.0,3.0
173294,173295,Arhar (Tur/Red Gram),Karnataka,Hassan,Arasikere,2013-02-14,5975.0,4.0
173295,173296,Arhar (Tur/Red Gram),Karnataka,Hassan,Arasikere,2013-02-21,5750.0,2.0
173296,173297,Arhar (Tur/Red Gram),Karnataka,Hassan,Arasikere,2013-03-16,5900.0,8.0
173297,173298,Arhar (Tur/Red Gram),Karnataka,Hassan,Arasikere,2013-03-23,6500.0,5.0
173298,173299,Arhar (Tur/Red Gram),Karnataka,Hassan,Arasikere,2013-01-04,6820.0,0.0
173299,173300,Arhar (Tur/Red Gram),Karnataka,Hassan,Arasikere,2013-06-04,6412.0,2.0
173300,173301,Arhar (Tur/Red Gram),Karnataka,Hassan,Arasikere,2013-04-30,6900.0,2.0
173301,173302,Arhar (Tur/Red Gram),Karnataka,Hassan,Arasikere,2013-04-05,6900.0,4.0
173302,173303,Arhar (Tur/Red Gram),Karnataka,Hassan,Arasikere,2013-05-14,6800.0,11.0
173303,173304,Arhar (Tur/Red Gram),Karnataka,Hassan,Arasikere,2013-05-21,5825.0,2.0
173304,173305,Arhar (Tur/Red Gram),Karnataka,Hassan,Arasikere,2013-05-24,7241.0,2.0
173305,173306,Arhar (Tur/Red Gram),Karnataka,Hassan,Arasikere,2013-06-22,6500.0,3.0
173306,173307,Arhar (Tur/Red Gram),Karnataka,Hassan,Hassan,2013-01-01,6753.0,6.0
173307,173308,Arhar (Tur/Red Gram),Karnataka,Hassan,Hassan,2013-01-17,4827.0,3.0
173308,173309,Arhar (Tur/Red Gram),Karnataka,Hassan,Hassan,2013-01-22,6952.0,6.0
173309,173310,Arhar (Tur/Red Gram),Karnataka,Hassan,Hassan,2013-01-24,6656.0,9.0
173310,173311,Arhar (Tur/Red Gram),Karnataka,Hassan,Hassan,2013-01-02,6650.0,2.0
173311,173312,Arhar (Tur/Red Gram),Karnataka,Hassan,Hassan,2013-11-02,6476.0,14.0
173312,173313,Arhar (Tur/Red Gram),Karnataka,Hassan,Hassan,2013-02-19,6500.0,21.0
173313,173314,Arhar (Tur/Red Gram),Karnataka,Hassan,Hassan,2013-02-26,6200.0,25.0
173314,173315,Arhar (Tur/Red Gram),Karnataka,Hassan,Hassan,2013-03-14,6200.0,9.0
173315,173316,Arhar (Tur/Red Gram),Karnataka,Hassan,Hassan,2013-03-21,6650.0,15.0
173316,173317,Arhar (Tur/Red Gram),Karnataka,Hassan,Hassan,2013-01-04,6828.0,18.0
173317,173318,Arhar (Tur/Red Gram),Karnataka,Hassan,Hassan,2013-04-17,7000.0,6.0
173318,173319,Arhar (Tur/Red Gram),Karnataka,Hassan,Hassan,2013-04-26,6912.0,24.0
173319,173320,Arhar (Tur/Red Gram),Karnataka,Hassan,Hassan,2013-02-05,7000.0,10.0
173320,173321,Arhar (Tur/Red Gram),Karnataka,Hassan,Hassan,2013-05-18,6898.0,30.0
173321,173322,Arhar (Tur/Red Gram),Karnataka,Hassan,Sakaleshpura,2013-08-02,8000.0,0.0
173322,173323,Arhar (Tur/Red Gram),Karnataka,Hassan,Sakaleshpura,2013-02-28,5000.0,1.0
208502,208503,Bengal Gram(Gram),Karnataka,Hassan,Arasikere,2013-01-01,4815.0,3.0
208503,208504,Bengal Gram(Gram),Karnataka,Hassan,Arasikere,2013-02-01,5345.0,10.0
208504,208505,Bengal Gram(Gram),Karnataka,Hassan,Arasikere,2013-03-01,4810.0,3.0
208505,208506,Bengal Gram(Gram),Karnataka,Hassan,Arasikere,2013-01-31,4950.0,6.0
208506,208507,Bengal Gram(Gram),Karnataka,Hassan,Arasikere,2013-02-13,5125.0,6.0
208507,208508,Bengal Gram(Gram),Karnataka,Hassan,Arasikere,2013-03-16,5050.0,24.0
208508,208509,Bengal Gram(Gram),Karnataka,Hassan,Arasikere,2013-03-18,3775.0,12.0
208509,208510,Bengal Gram(Gram),Karnataka,Hassan,Arasikere,2013-03-23,3925.0,17.0
208510,208511,Bengal Gram(Gram),Karnataka,Hassan,Arasikere,2013-01-04,5140.0,8.0
208511,208512,Bengal Gram(Gram),Karnataka,Hassan,Arasikere,2013-05-14,4225.0,1.0
208512,208513,Bengal Gram(Gram),Karnataka,Hassan,Arasikere,2013-05-23,2800.0,8.0
208513,208514,Bengal Gram(Gram),Karnataka,Hassan,Arasikere,2013-06-06,5000.0,0.0
208514,208515,Bengal Gram(Gram),Karnataka,Hassan,Arasikere,2013-02-09,3401.0,15.0
208515,208516,Bengal Gram(Gram),Karnataka,Hassan,Arasikere,2013-10-21,3200.0,0.0
208516,208517,Bengal Gram(Gram),Karnataka,Hassan,Arasikere,2013-12-19,4310.0,36.0
208517,208518,Bengal Gram(Gram),Karnataka,Hassan,Hassan,2013-01-01,5250.0,4.0
208518,208519,Bengal Gram(Gram),Karnataka,Hassan,Hassan,2013-10-01,5476.0,9.0
208519,208520,Bengal Gram(Gram),Karnataka,Hassan,Hassan,2013-01-22,4827.0,5.0
208520,208521,Bengal Gram(Gram),Karnataka,Hassan,Hassan,2013-01-24,4600.0,0.0
208521,208522,Bengal Gram(Gram),Karnataka,Hassan,Hassan,2013-01-02,4850.0,16.0
208522,208523,Bengal Gram(Gram),Karnataka,Hassan,Hassan,2013-11-02,5330.0,14.0
208523,208524,Bengal Gram(Gram),Karnataka,Hassan,Hassan,2013-02-16,3600.0,4.0
208524,208525,Bengal Gram(Gram),Karnataka,Hassan,Hassan,2013-02-19,4848.0,3.0
208525,208526,Bengal Gram(Gram),Karnataka,Hassan,Hassan,2013-02-26,4200.0,16.0
208526,208527,Bengal Gram(Gram),Karnataka,Hassan,Hassan,2013-03-14,4303.0,16.0
208527,208528,Bengal Gram(Gram),Karnataka,Hassan,Hassan,2013-03-21,4200.0,7.0
208528,208529,Bengal Gram(Gram),Karnataka,Hassan,Hassan,2013-03-30,4200.0,13.0
208529,208530,Bengal Gram(Gram),Karnataka,Hassan,Hassan,2013-01-04,4154.0,13.0
208530,208531,Bengal Gram(Gram),Karnataka,Hassan,Hassan,2013-04-17,4200.0,25.0
208531,208532,Bengal Gram(Gram),Karnataka,Hassan,Hassan,2013-04-24,4608.0,2.0
208532,208533,Bengal Gram(Gram),Karnataka,Hassan,Hassan,2013-04-26,4200.0,7.0
208533,208534,Bengal Gram(Gram),Karnataka,Hassan,Hassan,2013-02-05,4510.0,2.0
208534,208535,Bengal Gram(Gram),Karnataka,Hassan,Hassan,2013-05-14,4450.0,4.0
208535,208536,Bengal Gram(Gram),Karnataka,Hassan,Hassan,2013-05-18,5413.0,8.0
208536,208537,Bengal Gram(Gram),Karnataka,Hassan,Holenarsipura,2013-04-08,3400.0,0.0
208537,208538,Bengal Gram(Gram),Karnataka,Hassan,Holenarsipura,2013-11-14,3500.0,0.0
208538,208539,Bengal Gram(Gram),Karnataka,Hassan,Sakaleshpura,2013-02-28,4000.0,0.0
260796,260797,Black Gram (Urd Beans),Karnataka,Hassan,Arasikere,2013-05-01,6350.0,1.0
260797,260798,Black Gram (Urd Beans),Karnataka,Hassan,Arasikere,2013-08-01,5025.0,3.0
260798,260799,Black Gram (Urd Beans),Karnataka,Hassan,Arasikere,2013-01-31,6825.0,1.0
260799,260800,Black Gram (Urd Beans),Karnataka,Hassan,Arasikere,2013-05-02,5130.0,5.0
260800,260801,Black Gram (Urd Beans),Karnataka,Hassan,Arasikere,2013-02-13,5650.0,8.0
260801,260802,Black Gram (Urd Beans),Karnataka,Hassan,Arasikere,2013-05-03,5145.0,3.0
260802,260803,Black Gram (Urd Beans),Karnataka,Hassan,Arasikere,2013-03-16,6325.0,2.0
260803,260804,Black Gram (Urd Beans),Karnataka,Hassan,Arasikere,2013-03-19,5110.0,10.0
260804,260805,Black Gram (Urd Beans),Karnataka,Hassan,Arasikere,2013-04-26,6600.0,1.0
260805,260806,Black Gram (Urd Beans),Karnataka,Hassan,Arasikere,2013-04-30,5432.0,5.0
260806,260807,Black Gram (Urd Beans),Karnataka,Hassan,Arasikere,2013-05-21,5196.0,6.0
260807,260808,Black Gram (Urd Beans),Karnataka,Hassan,Arasikere,2013-05-22,5245.0,6.0
260808,260809,Black Gram (Urd Beans),Karnataka,Hassan,Arasikere,2013-05-23,5400.0,3.0
260809,260810,Black Gram (Urd Beans),Karnataka,Hassan,Hassan,2013-01-01,6405.0,2.0
260810,260811,Black Gram (Urd Beans),Karnataka,Hassan,Hassan,2013-10-01,5400.0,11.0
260811,260812,Black Gram (Urd Beans),Karnataka,Hassan,Hassan,2013-01-17,5400.0,1.0
260812,260813,Black Gram (Urd Beans),Karnataka,Hassan,Hassan,2013-01-22,5506.0,15.0
260813,260814,Black Gram (Urd Beans),Karnataka,Hassan,Hassan,2013-01-02,5325.0,10.0
260814,260815,Black Gram (Urd Beans),Karnataka,Hassan,Hassan,2013-11-02,5400.0,8.0
260815,260816,Black Gram (Urd Beans),Karnataka,Hassan,Hassan,2013-02-18,5150.0,2.0
260816,260817,Black Gram (Urd Beans),Karnataka,Hassan,Hassan,2013-02-19,6408.0,2.0
260817,260818,Black Gram (Urd Beans),Karnataka,Hassan,Hassan,2013-02-26,6375.0,10.0
260818,260819,Black Gram (Urd Beans),Karnataka,Hassan,Hassan,2013-03-14,5229.0,29.0
260819,260820,Black Gram (Urd Beans),Karnataka,Hassan,Hassan,2013-03-21,6400.0,11.0
260820,260821,Black Gram (Urd Beans),Karnataka,Hassan,Hassan,2013-03-30,6400.0,3.0
260821,260822,Black Gram (Urd Beans),Karnataka,Hassan,Hassan,2013-04-04,5503.0,2.0
260822,260823,Black Gram (Urd Beans),Karnataka,Hassan,Hassan,2013-04-17,5500.0,23.0
260823,260824,Black Gram (Urd Beans),Karnataka,Hassan,Hassan,2013-04-26,5830.0,16.0
260824,260825,Black Gram (Urd Beans),Karnataka,Hassan,Hassan,2013-02-05,6696.0,2.0
260825,260826,Black Gram (Urd Beans),Karnataka,Hassan,Hassan,2013-05-14,5832.0,14.0
260826,260827,Black Gram (Urd Beans),Karnataka,Hassan,Hassan,2013-05-18,6764.0,10.0
260827,260828,Black Gram (Urd Beans),Karnataka,Hassan,Hassan,2013-05-23,5400.0,2.0
290506,290507,Green Gram (Moong),Karnataka,Hassan,Arasikere,2013-07-15,5960.0,11.0
290507,290508,Green Gram (Moong),Karnataka,Hassan,Arasikere,2013-07-18,5990.0,12.0
290508,290509,Green Gram (Moong),Karnataka,Hassan,Arasikere,2013-07-19,5875.0,11.0
290509,290510,Green Gram (Moong),Karnataka,Hassan,Arasikere,2013-07-24,5400.0,11.0
290510,290511,Green Gram (Moong),Karnataka,Hassan,Arasikere,2013-07-26,5400.0,6.0
290511,290512,Green Gram (Moong),Karnataka,Hassan,Arasikere,2013-01-08,4900.0,4.0
290512,290513,Green Gram (Moong),Karnataka,Hassan,Arasikere,2013-02-08,4900.0,2.0
290513,290514,Green Gram (Moong),Karnataka,Hassan,Arasikere,2013-08-19,5000.0,1.0
290514,290515,Green Gram (Moong),Karnataka,Hassan,Arasikere,2013-08-31,3370.0,4.0
290515,290516,Green Gram (Moong),Karnataka,Hassan,Arasikere,2013-09-19,4000.0,4.0
290516,290517,Green Gram (Moong),Karnataka,Hassan,Arasikere,2013-07-10,2866.0,2.0
290517,290518,Green Gram (Moong),Karnataka,Hassan,Channarayapatna,2013-07-14,5000.0,5.0
290518,290519,Green Gram (Moong),Karnataka,Hassan,Channarayapatna,2013-07-21,5000.0,1.0
290519,290520,Green Gram (Moong),Karnataka,Hassan,Channarayapatna,2013-07-22,5400.0,5.0
290520,290521,Green Gram (Moong),Karnataka,Hassan,Channarayapatna,2013-07-29,5300.0,11.0
290521,290522,Green Gram (Moong),Karnataka,Hassan,Hassan,2013-08-22,4138.0,0.0
330712,330713,Arhar (Tur/Red Gram),Karnataka,Hassan,Arasikere,2014-01-18,6100.0,3.0
330713,330714,Arhar (Tur/Red Gram),Karnataka,Hassan,Arasikere,2014-01-20,3440.0,16.0
330714,330715,Arhar (Tur/Red Gram),Karnataka,Hassan,Arasikere,2014-01-21,3450.0,16.0
330715,330716,Arhar (Tur/Red Gram),Karnataka,Hassan,Arasikere,2014-01-22,6000.0,16.0
330716,330717,Arhar (Tur/Red Gram),Karnataka,Hassan,Arasikere,2014-01-25,5380.0,2.0
330717,330718,Arhar (Tur/Red Gram),Karnataka,Hassan,Arasikere,2014-02-13,3430.0,16.0
330718,330719,Arhar (Tur/Red Gram),Karnataka,Hassan,Arasikere,2014-10-03,6800.0,2.0
330719,330720,Arhar (Tur/Red Gram),Karnataka,Hassan,Arasikere,2014-07-04,6904.0,4.0
330720,330721,Arhar (Tur/Red Gram),Karnataka,Hassan,Arasikere,2014-04-22,3000.0,4.0
330721,330722,Arhar (Tur/Red Gram),Karnataka,Hassan,Arasikere,2014-05-22,7000.0,7.0
330722,330723,Arhar (Tur/Red Gram),Karnataka,Hassan,Arasikere,2014-02-06,6600.0,2.0
330723,330724,Arhar (Tur/Red Gram),Karnataka,Hassan,Arasikere,2014-03-07,6800.0,5.0
330724,330725,Arhar (Tur/Red Gram),Karnataka,Hassan,Arasikere,2014-11-08,5700.0,1.0
330725,330726,Arhar (Tur/Red Gram),Karnataka,Hassan,Arasikere,2014-09-27,6900.0,2.0
330726,330727,Arhar (Tur/Red Gram),Karnataka,Hassan,Arasikere,2014-03-11,7996.0,7.0
330727,330728,Arhar (Tur/Red Gram),Karnataka,Hassan,Hassan,2014-03-20,2000.0,1.0
330728,330729,Arhar (Tur/Red Gram),Karnataka,Hassan,Holenarsipura,2014-02-13,3000.0,0.0
359277,359278,Bengal Gram(Gram),Karnataka,Hassan,Arasikere,2014-10-03,5500.0,0.0
359278,359279,Bengal Gram(Gram),Karnataka,Hassan,Arasikere,2014-09-23,3869.0,30.0
359279,359280,Bengal Gram(Gram),Karnataka,Hassan,Arasikere,2014-10-20,3000.0,0.0
359280,359281,Bengal Gram(Gram),Karnataka,Hassan,Hassan,2014-04-01,4000.0,2.0
359281,359282,Bengal Gram(Gram),Karnataka,Hassan,Hassan,2014-06-01,3000.0,10.0
359282,359283,Bengal Gram(Gram),Karnataka,Hassan,Hassan,2014-04-30,5600.0,0.0
359283,359284,Bengal Gram(Gram),Karnataka,Hassan,Holenarsipura,2014-04-30,3000.0,0.0
409480,409481,Black Gram (Urd Beans),Karnataka,Hassan,Hassan,2014-02-06,7750.0,5.0
409481,409482,Black Gram (Urd Beans),Karnataka,Hassan,Hassan,2014-06-25,7300.0,1.0
409482,409483,Black Gram (Urd Beans),Karnataka,Hassan,Holenarsipura,2014-08-20,6200.0,9.0
438154,438155,Green Gram (Moong),Karnataka,Hassan,Arasikere,2014-06-26,6480.0,10.0
438155,438156,Green Gram (Moong),Karnataka,Hassan,Arasikere,2014-02-07,7100.0,9.0
438156,438157,Green Gram (Moong),Karnataka,Hassan,Arasikere,2014-05-07,7000.0,32.0
438157,438158,Green Gram (Moong),Karnataka,Hassan,Arasikere,2014-08-07,6450.0,26.0
438158,438159,Green Gram (Moong),Karnataka,Hassan,Arasikere,2014-07-14,6305.0,56.0
438159,438160,Green Gram (Moong),Karnataka,Hassan,Arasikere,2014-07-15,7050.0,10.0
438160,438161,Green Gram (Moong),Karnataka,Hassan,Arasikere,2014-07-16,7000.0,44.0
438161,438162,Green Gram (Moong),Karnataka,Hassan,Arasikere,2014-07-17,6300.0,36.0
438162,438163,Green Gram (Moong),Karnataka,Hassan,Arasikere,2014-07-18,7350.0,42.0
438163,438164,Green Gram (Moong),Karnataka,Hassan,Arasikere,2014-07-19,7372.0,36.0
438164,438165,Green Gram (Moong),Karnataka,Hassan,Arasikere,2014-07-21,6750.0,10.0
438165,438166,Green Gram (Moong),Karnataka,Hassan,Arasikere,2014-07-23,6850.0,23.0
438166,438167,Green Gram (Moong),Karnataka,Hassan,Arasikere,2014-07-24,6350.0,24.0
438167,438168,Green Gram (Moong),Karnataka,Hassan,Arasikere,2014-07-25,6550.0,106.0
438168,438169,Green Gram (Moong),Karnataka,Hassan,Arasikere,2014-07-31,6320.0,9.0
438169,438170,Green Gram (Moong),Karnataka,Hassan,Arasikere,2014-06-08,5950.0,9.0
438170,438171,Green Gram (Moong),Karnataka,Hassan,Arasikere,2014-11-08,6280.0,9.0
438171,438172,Green Gram (Moong),Karnataka,Hassan,Arasikere,2014-08-25,6000.0,0.0
438172,438173,Green Gram (Moong),Karnataka,Hassan,Arasikere,2014-08-27,6040.0,10.0
438173,438174,Green Gram (Moong),Karnataka,Hassan,Channarayapatna,2014-12-07,6000.0,6.0
438174,438175,Green Gram (Moong),Karnataka,Hassan,Channarayapatna,2014-07-13,7250.0,2.0
438175,438176,Green Gram (Moong),Karnataka,Hassan,Channarayapatna,2014-07-16,7300.0,16.0
485210,485211,Arhar (Tur/Red Gram),Karnataka,Hassan,Arasikere,2015-05-01,7456.0,15.0
485211,485212,Arhar (Tur/Red Gram),Karnataka,Hassan,Arasikere,2015-06-01,2500.0,80.0
485212,485213,Arhar (Tur/Red Gram),Karnataka,Hassan,Arasikere,2015-08-01,2800.0,121.0
485213,485214,Arhar (Tur/Red Gram),Karnataka,Hassan,Arasikere,2015-01-19,3970.0,180.0
485214,485215,Arhar (Tur/Red Gram),Karnataka,Hassan,Arasikere,2015-01-21,4600.0,249.0
485215,485216,Arhar (Tur/Red Gram),Karnataka,Hassan,Arasikere,2015-01-22,4550.0,210.0
485216,485217,Arhar (Tur/Red Gram),Karnataka,Hassan,Arasikere,2015-01-27,3500.0,53.0
485217,485218,Arhar (Tur/Red Gram),Karnataka,Hassan,Arasikere,2015-01-29,4650.0,4.0
485218,485219,Arhar (Tur/Red Gram),Karnataka,Hassan,Arasikere,2015-01-30,3850.0,170.0
485219,485220,Arhar (Tur/Red Gram),Karnataka,Hassan,Arasikere,2015-01-31,4150.0,120.0
485220,485221,Arhar (Tur/Red Gram),Karnataka,Hassan,Arasikere,2015-02-02,3280.0,312.0
485221,485222,Arhar (Tur/Red Gram),Karnataka,Hassan,Arasikere,2015-04-02,4350.0,163.0
485222,485223,Arhar (Tur/Red Gram),Karnataka,Hassan,Arasikere,2015-06-02,3585.0,70.0
485223,485224,Arhar (Tur/Red Gram),Karnataka,Hassan,Arasikere,2015-01-04,7474.0,6.0
485224,485225,Arhar (Tur/Red Gram),Karnataka,Hassan,Arasikere,2015-06-18,4050.0,5.0
485225,485226,Arhar (Tur/Red Gram),Karnataka,Hassan,Arasikere,2015-07-13,8500.0,9.0
485226,485227,Arhar (Tur/Red Gram),Karnataka,Hassan,Arasikere,2015-08-09,8050.0,3.0
485227,485228,Arhar (Tur/Red Gram),Karnataka,Hassan,Arasikere,2015-10-20,4920.0,2.0
485228,485229,Arhar (Tur/Red Gram),Karnataka,Hassan,Arasikere,2015-10-26,9200.0,3.0
485229,485230,Arhar (Tur/Red Gram),Karnataka,Hassan,Arasikere,2015-10-31,14340.0,1.0
485230,485231,Arhar (Tur/Red Gram),Karnataka,Hassan,Arasikere,2015-11-18,16170.0,3.0
485231,485232,Arhar (Tur/Red Gram),Karnataka,Hassan,Arasikere,2015-11-20,16500.0,2.0
485232,485233,Arhar (Tur/Red Gram),Karnataka,Hassan,Arasikere,2015-01-12,11700.0,2.0
485233,485234,Arhar (Tur/Red Gram),Karnataka,Hassan,Arasikere,2015-05-12,12400.0,2.0
485234,485235,Arhar (Tur/Red Gram),Karnataka,Hassan,Arasikere,2015-09-12,16340.0,6.0
485235,485236,Arhar (Tur/Red Gram),Karnataka,Hassan,Arasikere,2015-12-14,12500.0,2.0
485236,485237,Arhar (Tur/Red Gram),Karnataka,Hassan,Arasikere,2015-12-19,12000.0,3.0
485237,485238,Arhar (Tur/Red Gram),Karnataka,Hassan,Arasikere,2015-12-21,4840.0,18.0
485238,485239,Arhar (Tur/Red Gram),Karnataka,Hassan,Arasikere,2015-12-23,16340.0,2.0
485239,485240,Arhar (Tur/Red Gram),Karnataka,Hassan,Arasikere,2015-12-29,16700.0,1.0
485240,485241,Arhar (Tur/Red Gram),Karnataka,Hassan,Hassan,2015-05-02,4583.0,160.0
485241,485242,Arhar (Tur/Red Gram),Karnataka,Hassan,Hassan,2015-02-26,4948.0,16.0
485242,485243,Arhar (Tur/Red Gram),Karnataka,Hassan,Hassan,2015-12-03,5152.0,12.0
485243,485244,Arhar (Tur/Red Gram),Karnataka,Hassan,Hassan,2015-09-16,14200.0,3.0
485244,485245,Arhar (Tur/Red Gram),Karnataka,Hassan,Hassan,2015-09-21,14498.0,2.0
485245,485246,Arhar (Tur/Red Gram),Karnataka,Hassan,Hassan,2015-01-10,13000.0,3.0
485246,485247,Arhar (Tur/Red Gram),Karnataka,Hassan,Hassan,2015-10-28,3000.0,0.0
485247,485248,Arhar (Tur/Red Gram),Karnataka,Hassan,Hassan,2015-02-11,19000.0,19.0
485248,485249,Arhar (Tur/Red Gram),Karnataka,Hassan,Hassan,2015-05-11,2000.0,0.0
485249,485250,Arhar (Tur/Red Gram),Karnataka,Hassan,Hassan,2015-12-22,18000.0,2.0
485250,485251,Arhar (Tur/Red Gram),Karnataka,Hassan,Holenarsipura,2015-08-01,4225.0,132.0
485251,485252,Arhar (Tur/Red Gram),Karnataka,Hassan,Holenarsipura,2015-09-01,4575.0,132.0
485252,485253,Arhar (Tur/Red Gram),Karnataka,Hassan,Holenarsipura,2015-01-14,4295.0,143.0
485253,485254,Arhar (Tur/Red Gram),Karnataka,Hassan,Holenarsipura,2015-01-16,3000.0,2.0
485254,485255,Arhar (Tur/Red Gram),Karnataka,Hassan,Holenarsipura,2015-01-17,4300.0,165.0
485255,485256,Arhar (Tur/Red Gram),Karnataka,Hassan,Holenarsipura,2015-01-20,4098.0,61.0
485256,485257,Arhar (Tur/Red Gram),Karnataka,Hassan,Holenarsipura,2015-01-22,3000.0,1.0
485257,485258,Arhar (Tur/Red Gram),Karnataka,Hassan,Holenarsipura,2015-01-02,4255.0,40.0
485258,485259,Arhar (Tur/Red Gram),Karnataka,Hassan,Holenarsipura,2015-06-02,3800.0,1.0
485259,485260,Arhar (Tur/Red Gram),Karnataka,Hassan,Holenarsipura,2015-02-18,3800.0,0.0
485260,485261,Arhar (Tur/Red Gram),Karnataka,Hassan,Holenarsipura,2015-04-07,5054.0,2.0
485261,485262,Arhar (Tur/Red Gram),Karnataka,Hassan,Holenarsipura,2015-12-24,6000.0,0.0
485262,485263,Arhar (Tur/Red Gram),Karnataka,Hassan,Holenarsipura,2015-12-31,6000.0,0.0
527111,527112,Bengal Gram(Gram),Karnataka,Hassan,Arasikere,2015-02-02,3500.0,2.0
527112,527113,Bengal Gram(Gram),Karnataka,Hassan,Arasikere,2015-09-02,3427.0,546.0
527113,527114,Bengal Gram(Gram),Karnataka,Hassan,Arasikere,2015-02-21,4025.0,16.0
527114,527115,Bengal Gram(Gram),Karnataka,Hassan,Arasikere,2015-02-24,4250.0,5.0
527115,527116,Bengal Gram(Gram),Karnataka,Hassan,Arasikere,2015-02-26,4275.0,3.0
527116,527117,Bengal Gram(Gram),Karnataka,Hassan,Arasikere,2015-03-24,3950.0,16.0
527117,527118,Bengal Gram(Gram),Karnataka,Hassan,Arasikere,2015-04-04,3600.0,1.0
527118,527119,Bengal Gram(Gram),Karnataka,Hassan,Arasikere,2015-06-04,4100.0,6.0
527119,527120,Bengal Gram(Gram),Karnataka,Hassan,Arasikere,2015-04-17,4505.0,11.0
527120,527121,Bengal Gram(Gram),Karnataka,Hassan,Arasikere,2015-04-06,5450.0,17.0
527121,527122,Bengal Gram(Gram),Karnataka,Hassan,Arasikere,2015-08-06,5400.0,3.0
527122,527123,Bengal Gram(Gram),Karnataka,Hassan,Arasikere,2015-06-16,4500.0,1.0
527123,527124,Bengal Gram(Gram),Karnataka,Hassan,Arasikere,2015-06-22,4290.0,77.0
527124,527125,Bengal Gram(Gram),Karnataka,Hassan,Arasikere,2015-03-08,5340.0,19.0
527125,527126,Bengal Gram(Gram),Karnataka,Hassan,Arasikere,2015-01-12,5775.0,8.0
527126,527127,Bengal Gram(Gram),Karnataka,Hassan,Arasikere,2015-07-12,5000.0,0.0
527127,527128,Bengal Gram(Gram),Karnataka,Hassan,Hassan,2015-11-02,3000.0,2.0
527128,527129,Bengal Gram(Gram),Karnataka,Hassan,Hassan,2015-02-16,4800.0,1.0
527129,527130,Bengal Gram(Gram),Karnataka,Hassan,Hassan,2015-02-25,5200.0,1.0
527130,527131,Bengal Gram(Gram),Karnataka,Hassan,Hassan,2015-04-03,3000.0,2.0
527131,527132,Bengal Gram(Gram),Karnataka,Hassan,Hassan,2015-07-05,3000.0,4.0
527132,527133,Bengal Gram(Gram),Karnataka,Hassan,Hassan,2015-06-30,5752.0,3.0
527133,527134,Bengal Gram(Gram),Karnataka,Hassan,Hassan,2015-10-09,4000.0,1.0
527134,527135,Bengal Gram(Gram),Karnataka,Hassan,Holenarsipura,2015-05-11,5200.0,0.0
586905,586906,Black Gram (Urd Beans),Karnataka,Hassan,Hassan,2015-09-04,3000.0,2.0
586906,586907,Black Gram (Urd Beans),Karnataka,Hassan,Hassan,2015-04-16,8250.0,11.0
586907,586908,Black Gram (Urd Beans),Karnataka,Hassan,Hassan,2015-07-15,5400.0,12.0
586908,586909,Black Gram (Urd Beans),Karnataka,Hassan,Hassan,2015-01-12,6200.0,56.0
626868,626869,Green Gram (Moong),Karnataka,Hassan,Arasikere,2015-02-27,7640.0,3.0
626869,626870,Green Gram (Moong),Karnataka,Hassan,Arasikere,2015-10-04,5950.0,1.0
626870,626871,Green Gram (Moong),Karnataka,Hassan,Arasikere,2015-06-18,7800.0,16.0
626871,626872,Green Gram (Moong),Karnataka,Hassan,Arasikere,2015-06-22,7500.0,8.0
626872,626873,Green Gram (Moong),Karnataka,Hassan,Arasikere,2015-06-30,5250.0,13.0
626873,626874,Green Gram (Moong),Karnataka,Hassan,Arasikere,2015-01-07,5600.0,43.0
626874,626875,Green Gram (Moong),Karnataka,Hassan,Arasikere,2015-02-07,5900.0,24.0
626875,626876,Green Gram (Moong),Karnataka,Hassan,Arasikere,2015-03-07,5600.0,49.0
626876,626877,Green Gram (Moong),Karnataka,Hassan,Arasikere,2015-04-07,5500.0,69.0
626877,626878,Green Gram (Moong),Karnataka,Hassan,Arasikere,2015-06-07,5650.0,85.0
626878,626879,Green Gram (Moong),Karnataka,Hassan,Arasikere,2015-07-07,5450.0,85.0
626879,626880,Green Gram (Moong),Karnataka,Hassan,Arasikere,2015-08-07,5850.0,78.0
626880,626881,Green Gram (Moong),Karnataka,Hassan,Arasikere,2015-09-07,5800.0,88.0
626881,626882,Green Gram (Moong),Karnataka,Hassan,Arasikere,2015-10-07,5950.0,84.0
626882,626883,Green Gram (Moong),Karnataka,Hassan,Arasikere,2015-07-13,5650.0,45.0
626883,626884,Green Gram (Moong),Karnataka,Hassan,Arasikere,2015-07-14,5800.0,89.0
626884,626885,Green Gram (Moong),Karnataka,Hassan,Arasikere,2015-07-15,6250.0,111.0
626885,626886,Green Gram (Moong),Karnataka,Hassan,Arasikere,2015-07-16,6200.0,73.0
626886,626887,Green Gram (Moong),Karnataka,Hassan,Arasikere,2015-07-21,6100.0,54.0
626887,626888,Green Gram (Moong),Karnataka,Hassan,Arasikere,2015-07-22,5800.0,76.0
626888,626889,Green Gram (Moong),Karnataka,Hassan,Arasikere,2015-07-25,6616.0,42.0
626889,626890,Green Gram (Moong),Karnataka,Hassan,Arasikere,2015-07-28,5850.0,78.0
626890,626891,Green Gram (Moong),Karnataka,Hassan,Arasikere,2015-07-29,6500.0,27.0
626891,626892,Green Gram (Moong),Karnataka,Hassan,Arasikere,2015-05-08,6800.0,23.0
626892,626893,Green Gram (Moong),Karnataka,Hassan,Arasikere,2015-07-10,6700.0,3.0
626893,626894,Green Gram (Moong),Karnataka,Hassan,Arasikere,2015-10-26,6500.0,6.0
626894,626895,Green Gram (Moong),Karnataka,Hassan,Channarayapatna,2015-12-07,7250.0,15.0
626895,626896,Green Gram (Moong),Karnataka,Hassan,Channarayapatna,2015-07-13,7250.0,10.0
626896,626897,Green Gram (Moong),Karnataka,Hassan,Channarayapatna,2015-07-16,7250.0,15.0
626897,626898,Green Gram (Moong),Karnataka,Hassan,Channarayapatna,2015-07-19,7200.0,32.0
626898,626899,Green Gram (Moong),Karnataka,Hassan,Channarayapatna,2015-07-28,6600.0,10.0
626899,626900,Green Gram (Moong),Karnataka,Hassan,Channarayapatna,2015-04-08,7000.0,5.0
698490,698491,Arhar (Tur/Red Gram),Karnataka,Hassan,Arasikere,2016-01-01,6700.0,10.0
698491,698492,Arhar (Tur/Red Gram),Karnataka,Hassan,Arasikere,2016-02-01,14800.0,2.0
698492,698493,Arhar (Tur/Red Gram),Karnataka,Hassan,Arasikere,2016-04-01,6200.0,41.0
698493,698494,Arhar (Tur/Red Gram),Karnataka,Hassan,Arasikere,2016-05-01,7200.0,33.0
698494,698495,Arhar (Tur/Red Gram),Karnataka,Hassan,Arasikere,2016-06-01,6800.0,48.0
698495,698496,Arhar (Tur/Red Gram),Karnataka,Hassan,Arasikere,2016-11-01,8000.0,21.0
698496,698497,Arhar (Tur/Red Gram),Karnataka,Hassan,Arasikere,2016-12-01,7610.0,63.0
698497,698498,Arhar (Tur/Red Gram),Karnataka,Hassan,Arasikere,2016-01-13,7500.0,83.0
698498,698499,Arhar (Tur/Red Gram),Karnataka,Hassan,Arasikere,2016-01-14,7725.0,21.0
698499,698500,Arhar (Tur/Red Gram),Karnataka,Hassan,Arasikere,2016-01-18,7350.0,21.0
698500,698501,Arhar (Tur/Red Gram),Karnataka,Hassan,Arasikere,2016-01-19,6900.0,21.0
698501,698502,Arhar (Tur/Red Gram),Karnataka,Hassan,Arasikere,2016-01-20,7400.0,21.0
698502,698503,Arhar (Tur/Red Gram),Karnataka,Hassan,Arasikere,2016-01-21,7400.0,21.0
698503,698504,Arhar (Tur/Red Gram),Karnataka,Hassan,Arasikere,2016-02-17,6490.0,1.0
698504,698505,Arhar (Tur/Red Gram),Karnataka,Hassan,Arasikere,2016-02-22,11400.0,4.0
698505,698506,Arhar (Tur/Red Gram),Karnataka,Hassan,Arasikere,2016-02-23,11400.0,2.0
698506,698507,Arhar (Tur/Red Gram),Karnataka,Hassan,Arasikere,2016-02-24,16206.0,8.0
698507,698508,Arhar (Tur/Red Gram),Karnataka,Hassan,Arasikere,2016-02-26,12800.0,2.0
698508,698509,Arhar (Tur/Red Gram),Karnataka,Hassan,Arasikere,2016-02-27,12000.0,3.0
698509,698510,Arhar (Tur/Red Gram),Karnataka,Hassan,Arasikere,2016-03-03,11100.0,1.0
698510,698511,Arhar (Tur/Red Gram),Karnataka,Hassan,Arasikere,2016-08-03,12200.0,2.0
698511,698512,Arhar (Tur/Red Gram),Karnataka,Hassan,Arasikere,2016-03-16,16000.0,4.0
698512,698513,Arhar (Tur/Red Gram),Karnataka,Hassan,Arasikere,2016-03-17,5000.0,15.0
698513,698514,Arhar (Tur/Red Gram),Karnataka,Hassan,Arasikere,2016-03-18,6310.0,20.0
698514,698515,Arhar (Tur/Red Gram),Karnataka,Hassan,Arasikere,2016-03-22,12500.0,2.0
698515,698516,Arhar (Tur/Red Gram),Karnataka,Hassan,Arasikere,2016-06-04,5000.0,15.0
698516,698517,Arhar (Tur/Red Gram),Karnataka,Hassan,Arasikere,2016-04-26,16000.0,19.0
698517,698518,Arhar (Tur/Red Gram),Karnataka,Hassan,Arasikere,2016-10-05,14000.0,2.0
698518,698519,Arhar (Tur/Red Gram),Karnataka,Hassan,Arasikere,2016-05-18,13800.0,2.0
698519,698520,Arhar (Tur/Red Gram),Karnataka,Hassan,Arasikere,2016-05-19,13800.0,2.0
698520,698521,Arhar (Tur/Red Gram),Karnataka,Hassan,Arasikere,2016-05-23,16000.0,5.0
698521,698522,Arhar (Tur/Red Gram),Karnataka,Hassan,Arasikere,2016-03-06,13500.0,4.0
698522,698523,Arhar (Tur/Red Gram),Karnataka,Hassan,Arasikere,2016-09-06,13500.0,2.0
698523,698524,Arhar (Tur/Red Gram),Karnataka,Hassan,Arasikere,2016-06-20,12801.0,2.0
698524,698525,Arhar (Tur/Red Gram),Karnataka,Hassan,Arasikere,2016-06-24,12801.0,2.0
698525,698526,Arhar (Tur/Red Gram),Karnataka,Hassan,Arasikere,2016-06-28,13000.0,1.0
698526,698527,Arhar (Tur/Red Gram),Karnataka,Hassan,Arasikere,2016-06-30,13000.0,1.0
698527,698528,Arhar (Tur/Red Gram),Karnataka,Hassan,Arasikere,2016-07-19,13800.0,2.0
698528,698529,Arhar (Tur/Red Gram),Karnataka,Hassan,Arasikere,2016-07-26,13800.0,2.0
698529,698530,Arhar (Tur/Red Gram),Karnataka,Hassan,Arasikere,2016-07-27,14100.0,1.0
698530,698531,Arhar (Tur/Red Gram),Karnataka,Hassan,Arasikere,2016-03-08,13025.0,2.0
698531,698532,Arhar (Tur/Red Gram),Karnataka,Hassan,Arasikere,2016-08-16,11100.0,1.0
698532,698533,Arhar (Tur/Red Gram),Karnataka,Hassan,Arasikere,2016-08-24,12300.0,3.0
698533,698534,Arhar (Tur/Red Gram),Karnataka,Hassan,Arasikere,2016-08-25,11500.0,2.0
698534,698535,Arhar (Tur/Red Gram),Karnataka,Hassan,Arasikere,2016-01-09,8600.0,1.0
698535,698536,Arhar (Tur/Red Gram),Karnataka,Hassan,Arasikere,2016-09-17,10700.0,2.0
698536,698537,Arhar (Tur/Red Gram),Karnataka,Hassan,Arasikere,2016-09-20,11550.0,2.0
698537,698538,Arhar (Tur/Red Gram),Karnataka,Hassan,Arasikere,2016-09-27,10200.0,36.0
698538,698539,Arhar (Tur/Red Gram),Karnataka,Hassan,Arasikere,2016-09-29,10800.0,3.0
698539,698540,Arhar (Tur/Red Gram),Karnataka,Hassan,Arasikere,2016-04-10,8800.0,2.0
698540,698541,Arhar (Tur/Red Gram),Karnataka,Hassan,Arasikere,2016-10-17,11600.0,3.0
698541,698542,Arhar (Tur/Red Gram),Karnataka,Hassan,Arasikere,2016-10-18,11900.0,2.0
698542,698543,Arhar (Tur/Red Gram),Karnataka,Hassan,Arasikere,2016-10-19,9200.0,3.0
698543,698544,Arhar (Tur/Red Gram),Karnataka,Hassan,Arasikere,2016-10-20,11600.0,2.0
698544,698545,Arhar (Tur/Red Gram),Karnataka,Hassan,Arasikere,2016-10-21,10800.0,2.0
698545,698546,Arhar (Tur/Red Gram),Karnataka,Hassan,Arasikere,2016-10-22,10800.0,2.0
698546,698547,Arhar (Tur/Red Gram),Karnataka,Hassan,Arasikere,2016-10-28,8800.0,3.0
698547,698548,Arhar (Tur/Red Gram),Karnataka,Hassan,Arasikere,2016-08-11,7800.0,2.0
698548,698549,Arhar (Tur/Red Gram),Karnataka,Hassan,Arasikere,2016-11-15,11600.0,2.0
698549,698550,Arhar (Tur/Red Gram),Karnataka,Hassan,Arasikere,2016-11-16,11200.0,2.0
698550,698551,Arhar (Tur/Red Gram),Karnataka,Hassan,Arasikere,2016-11-23,11200.0,3.0
698551,698552,Arhar (Tur/Red Gram),Karnataka,Hassan,Arasikere,2016-05-12,6875.0,3.0
698552,698553,Arhar (Tur/Red Gram),Karnataka,Hassan,Arasikere,2016-07-12,6800.0,7.0
698553,698554,Arhar (Tur/Red Gram),Karnataka,Hassan,Arasikere,2016-12-15,6300.0,2.0
698554,698555,Arhar (Tur/Red Gram),Karnataka,Hassan,Arasikere,2016-12-16,10000.0,6.0
698555,698556,Arhar (Tur/Red Gram),Karnataka,Hassan,Arasikere,2016-12-20,6301.0,3.0
698556,698557,Arhar (Tur/Red Gram),Karnataka,Hassan,Arasikere,2016-12-26,6200.0,3.0
698557,698558,Arhar (Tur/Red Gram),Karnataka,Hassan,Hassan,2016-01-18,15500.0,15.0
698558,698559,Arhar (Tur/Red Gram),Karnataka,Hassan,Hassan,2016-01-23,14500.0,12.0
698559,698560,Arhar (Tur/Red Gram),Karnataka,Hassan,Hassan,2016-02-27,13000.0,2.0
698560,698561,Arhar (Tur/Red Gram),Karnataka,Hassan,Hassan,2016-01-03,12507.0,4.0
698561,698562,Arhar (Tur/Red Gram),Karnataka,Hassan,Hassan,2016-03-14,13000.0,37.0
698562,698563,Arhar (Tur/Red Gram),Karnataka,Hassan,Hassan,2016-03-26,12100.0,6.0
698563,698564,Arhar (Tur/Red Gram),Karnataka,Hassan,Hassan,2016-03-29,12100.0,6.0
698564,698565,Arhar (Tur/Red Gram),Karnataka,Hassan,Hassan,2016-01-04,12584.0,26.0
698565,698566,Arhar (Tur/Red Gram),Karnataka,Hassan,Hassan,2016-05-04,12700.0,2.0
698566,698567,Arhar (Tur/Red Gram),Karnataka,Hassan,Hassan,2016-04-26,13600.0,19.0
698567,698568,Arhar (Tur/Red Gram),Karnataka,Hassan,Hassan,2016-05-19,14627.0,5.0
698568,698569,Arhar (Tur/Red Gram),Karnataka,Hassan,Hassan,2016-06-21,13775.0,22.0
698569,698570,Arhar (Tur/Red Gram),Karnataka,Hassan,Hassan,2016-06-30,13500.0,22.0
698570,698571,Arhar (Tur/Red Gram),Karnataka,Hassan,Hassan,2016-07-29,14008.0,2.0
698571,698572,Arhar (Tur/Red Gram),Karnataka,Hassan,Hassan,2016-08-22,13000.0,14.0
698572,698573,Arhar (Tur/Red Gram),Karnataka,Hassan,Hassan,2016-08-29,12516.0,5.0
698573,698574,Arhar (Tur/Red Gram),Karnataka,Hassan,Hassan,2016-09-15,12300.0,26.0
698574,698575,Arhar (Tur/Red Gram),Karnataka,Hassan,Hassan,2016-09-29,11104.0,5.0
698575,698576,Arhar (Tur/Red Gram),Karnataka,Hassan,Hassan,2016-10-19,11600.0,14.0
698576,698577,Arhar (Tur/Red Gram),Karnataka,Hassan,Hassan,2016-10-28,12000.0,9.0
698577,698578,Arhar (Tur/Red Gram),Karnataka,Hassan,Hassan,2016-11-23,11408.0,13.0
698578,698579,Arhar (Tur/Red Gram),Karnataka,Hassan,Hassan,2016-11-24,10740.0,21.0
698579,698580,Arhar (Tur/Red Gram),Karnataka,Hassan,Hassan,2016-11-30,11542.0,12.0
698580,698581,Arhar (Tur/Red Gram),Karnataka,Hassan,Hassan,2016-12-23,7111.0,3.0
698581,698582,Arhar (Tur/Red Gram),Karnataka,Hassan,Hassan,2016-12-29,10000.0,2.0
698582,698583,Arhar (Tur/Red Gram),Karnataka,Hassan,Hassan,2016-12-30,6300.0,5.0
698583,698584,Arhar (Tur/Red Gram),Karnataka,Hassan,Holenarsipura,2016-07-01,5600.0,0.0
751110,751111,Bengal Gram(Gram),Karnataka,Hassan,Arasikere,2016-01-14,5819.0,23.0
751111,751112,Bengal Gram(Gram),Karnataka,Hassan,Arasikere,2016-02-15,4400.0,1.0
751112,751113,Bengal Gram(Gram),Karnataka,Hassan,Arasikere,2016-03-03,5200.0,2.0
751113,751114,Bengal Gram(Gram),Karnataka,Hassan,Arasikere,2016-09-03,5150.0,16.0
751114,751115,Bengal Gram(Gram),Karnataka,Hassan,Arasikere,2016-03-16,5275.0,41.0
751115,751116,Bengal Gram(Gram),Karnataka,Hassan,Arasikere,2016-03-17,4901.0,8.0
751116,751117,Bengal Gram(Gram),Karnataka,Hassan,Arasikere,2016-03-30,5600.0,16.0
751117,751118,Bengal Gram(Gram),Karnataka,Hassan,Arasikere,2016-07-04,5151.0,3.0
751118,751119,Bengal Gram(Gram),Karnataka,Hassan,Arasikere,2016-11-04,5459.0,31.0
751119,751120,Bengal Gram(Gram),Karnataka,Hassan,Arasikere,2016-04-13,5800.0,6.0
751120,751121,Bengal Gram(Gram),Karnataka,Hassan,Arasikere,2016-04-21,6260.0,10.0
751121,751122,Bengal Gram(Gram),Karnataka,Hassan,Arasikere,2016-04-25,6275.0,8.0
751122,751123,Bengal Gram(Gram),Karnataka,Hassan,Arasikere,2016-04-26,5005.0,15.0
751123,751124,Bengal Gram(Gram),Karnataka,Hassan,Arasikere,2016-05-23,5005.0,14.0
751124,751125,Bengal Gram(Gram),Karnataka,Hassan,Arasikere,2016-01-06,6801.0,10.0
751125,751126,Bengal Gram(Gram),Karnataka,Hassan,Arasikere,2016-09-06,4900.0,15.0
751126,751127,Bengal Gram(Gram),Karnataka,Hassan,Arasikere,2016-06-13,5005.0,7.0
751127,751128,Bengal Gram(Gram),Karnataka,Hassan,Arasikere,2016-06-16,7701.0,9.0
751128,751129,Bengal Gram(Gram),Karnataka,Hassan,Arasikere,2016-06-22,4900.0,10.0
751129,751130,Bengal Gram(Gram),Karnataka,Hassan,Arasikere,2016-06-27,7851.0,2.0
751130,751131,Bengal Gram(Gram),Karnataka,Hassan,Arasikere,2016-11-07,7000.0,0.0
751131,751132,Bengal Gram(Gram),Karnataka,Hassan,Arasikere,2016-07-14,8900.0,10.0
751132,751133,Bengal Gram(Gram),Karnataka,Hassan,Arasikere,2016-07-19,10650.0,10.0
751133,751134,Bengal Gram(Gram),Karnataka,Hassan,Arasikere,2016-07-22,10650.0,10.0
751134,751135,Bengal Gram(Gram),Karnataka,Hassan,Arasikere,2016-07-26,6175.0,15.0
751135,751136,Bengal Gram(Gram),Karnataka,Hassan,Arasikere,2016-08-24,8900.0,3.0
751136,751137,Bengal Gram(Gram),Karnataka,Hassan,Arasikere,2016-08-26,8351.0,7.0
751137,751138,Bengal Gram(Gram),Karnataka,Hassan,Arasikere,2016-01-09,8200.0,2.0
751138,751139,Bengal Gram(Gram),Karnataka,Hassan,Arasikere,2016-08-09,8400.0,16.0
751139,751140,Bengal Gram(Gram),Karnataka,Hassan,Arasikere,2016-09-17,8400.0,16.0
751140,751141,Bengal Gram(Gram),Karnataka,Hassan,Arasikere,2016-09-29,10000.0,12.0
751141,751142,Bengal Gram(Gram),Karnataka,Hassan,Arasikere,2016-10-21,11000.0,12.0
751142,751143,Bengal Gram(Gram),Karnataka,Hassan,Arasikere,2016-10-22,11000.0,12.0
751143,751144,Bengal Gram(Gram),Karnataka,Hassan,Arasikere,2016-12-15,12100.0,6.0
751144,751145,Bengal Gram(Gram),Karnataka,Hassan,Arasikere,2016-12-20,10800.0,8.0
751145,751146,Bengal Gram(Gram),Karnataka,Hassan,Arasikere,2016-12-22,9500.0,5.0
751146,751147,Bengal Gram(Gram),Karnataka,Hassan,Arasikere,2016-12-30,10500.0,6.0
751147,751148,Bengal Gram(Gram),Karnataka,Hassan,Hassan,2016-02-27,5500.0,3.0
751148,751149,Bengal Gram(Gram),Karnataka,Hassan,Hassan,2016-01-03,5650.0,18.0
751149,751150,Bengal Gram(Gram),Karnataka,Hassan,Hassan,2016-03-14,5600.0,14.0
751150,751151,Bengal Gram(Gram),Karnataka,Hassan,Hassan,2016-03-26,5225.0,16.0
751151,751152,Bengal Gram(Gram),Karnataka,Hassan,Hassan,2016-03-29,5400.0,26.0
751152,751153,Bengal Gram(Gram),Karnataka,Hassan,Hassan,2016-01-04,5600.0,41.0
751153,751154,Bengal Gram(Gram),Karnataka,Hassan,Hassan,2016-04-26,6950.0,1.0
751154,751155,Bengal Gram(Gram),Karnataka,Hassan,Hassan,2016-05-19,8175.0,1.0
751155,751156,Bengal Gram(Gram),Karnataka,Hassan,Hassan,2016-02-06,5000.0,1.0
751156,751157,Bengal Gram(Gram),Karnataka,Hassan,Hassan,2016-06-21,7400.0,11.0
751157,751158,Bengal Gram(Gram),Karnataka,Hassan,Hassan,2016-06-30,7840.0,33.0
751158,751159,Bengal Gram(Gram),Karnataka,Hassan,Hassan,2016-07-15,8400.0,3.0
751159,751160,Bengal Gram(Gram),Karnataka,Hassan,Hassan,2016-08-22,9500.0,7.0
751160,751161,Bengal Gram(Gram),Karnataka,Hassan,Hassan,2016-08-29,9460.0,24.0
751161,751162,Bengal Gram(Gram),Karnataka,Hassan,Hassan,2016-01-09,9500.0,2.0
751162,751163,Bengal Gram(Gram),Karnataka,Hassan,Hassan,2016-09-20,7400.0,3.0
751163,751164,Bengal Gram(Gram),Karnataka,Hassan,Hassan,2016-09-29,10980.0,27.0
751164,751165,Bengal Gram(Gram),Karnataka,Hassan,Hassan,2016-10-19,11000.0,17.0
751165,751166,Bengal Gram(Gram),Karnataka,Hassan,Hassan,2016-10-28,11563.0,8.0
751166,751167,Bengal Gram(Gram),Karnataka,Hassan,Hassan,2016-11-23,12800.0,12.0
751167,751168,Bengal Gram(Gram),Karnataka,Hassan,Hassan,2016-11-24,12800.0,5.0
751168,751169,Bengal Gram(Gram),Karnataka,Hassan,Hassan,2016-11-30,12502.0,9.0
751169,751170,Bengal Gram(Gram),Karnataka,Hassan,Hassan,2016-12-15,11800.0,17.0
751170,751171,Bengal Gram(Gram),Karnataka,Hassan,Hassan,2016-12-22,11500.0,5.0
751171,751172,Bengal Gram(Gram),Karnataka,Hassan,Holenarsipura,2016-12-02,4500.0,0.0
751172,751173,Bengal Gram(Gram),Karnataka,Hassan,Holenarsipura,2016-02-18,4500.0,0.0
751173,751174,Bengal Gram(Gram),Karnataka,Hassan,Holenarsipura,2016-11-03,4500.0,0.0
751174,751175,Bengal Gram(Gram),Karnataka,Hassan,Holenarsipura,2016-08-12,8200.0,0.0
830012,830013,Black Gram (Urd Beans),Karnataka,Hassan,Arasikere,2016-03-03,14196.0,2.0
830013,830014,Black Gram (Urd Beans),Karnataka,Hassan,Arasikere,2016-04-03,16000.0,1.0
830014,830015,Black Gram (Urd Beans),Karnataka,Hassan,Arasikere,2016-03-16,13431.0,8.0
830015,830016,Black Gram (Urd Beans),Karnataka,Hassan,Arasikere,2016-05-04,16000.0,2.0
830016,830017,Black Gram (Urd Beans),Karnataka,Hassan,Arasikere,2016-06-04,14166.0,5.0
830017,830018,Black Gram (Urd Beans),Karnataka,Hassan,Arasikere,2016-04-26,18430.0,9.0
830018,830019,Black Gram (Urd Beans),Karnataka,Hassan,Arasikere,2016-05-19,16274.0,2.0
830019,830020,Black Gram (Urd Beans),Karnataka,Hassan,Arasikere,2016-05-23,18430.0,4.0
830020,830021,Black Gram (Urd Beans),Karnataka,Hassan,Arasikere,2016-03-06,17500.0,1.0
830021,830022,Black Gram (Urd Beans),Karnataka,Hassan,Arasikere,2016-06-20,15588.0,1.0
830022,830023,Black Gram (Urd Beans),Karnataka,Hassan,Arasikere,2016-06-23,15588.0,2.0
830023,830024,Black Gram (Urd Beans),Karnataka,Hassan,Arasikere,2016-07-19,15196.0,2.0
830024,830025,Black Gram (Urd Beans),Karnataka,Hassan,Arasikere,2016-07-27,14705.0,1.0
830025,830026,Black Gram (Urd Beans),Karnataka,Hassan,Arasikere,2016-01-09,11764.0,2.0
830026,830027,Black Gram (Urd Beans),Karnataka,Hassan,Arasikere,2016-02-09,11765.0,2.0
830027,830028,Black Gram (Urd Beans),Karnataka,Hassan,Arasikere,2016-09-27,12000.0,10.0
830028,830029,Black Gram (Urd Beans),Karnataka,Hassan,Arasikere,2016-09-29,12000.0,2.0
830029,830030,Black Gram (Urd Beans),Karnataka,Hassan,Arasikere,2016-10-21,6025.0,3.0
830030,830031,Black Gram (Urd Beans),Karnataka,Hassan,Arasikere,2016-08-11,10588.0,2.0
830031,830032,Black Gram (Urd Beans),Karnataka,Hassan,Arasikere,2016-11-16,11500.0,1.0
830032,830033,Black Gram (Urd Beans),Karnataka,Hassan,Arasikere,2016-11-30,11500.0,10.0
830033,830034,Black Gram (Urd Beans),Karnataka,Hassan,Arasikere,2016-06-12,10800.0,5.0
830034,830035,Black Gram (Urd Beans),Karnataka,Hassan,Hassan,2016-02-27,16500.0,1.0
830035,830036,Black Gram (Urd Beans),Karnataka,Hassan,Hassan,2016-01-03,14000.0,15.0
830036,830037,Black Gram (Urd Beans),Karnataka,Hassan,Hassan,2016-10-03,13240.0,2.0
830037,830038,Black Gram (Urd Beans),Karnataka,Hassan,Hassan,2016-03-14,13800.0,8.0
830038,830039,Black Gram (Urd Beans),Karnataka,Hassan,Hassan,2016-03-26,16000.0,6.0
830039,830040,Black Gram (Urd Beans),Karnataka,Hassan,Hassan,2016-03-29,16000.0,10.0
830040,830041,Black Gram (Urd Beans),Karnataka,Hassan,Hassan,2016-01-04,16000.0,27.0
830041,830042,Black Gram (Urd Beans),Karnataka,Hassan,Hassan,2016-05-04,14305.0,2.0
830042,830043,Black Gram (Urd Beans),Karnataka,Hassan,Hassan,2016-04-26,14300.0,32.0
830043,830044,Black Gram (Urd Beans),Karnataka,Hassan,Hassan,2016-05-19,18520.0,6.0
830044,830045,Black Gram (Urd Beans),Karnataka,Hassan,Hassan,2016-06-21,17500.0,25.0
830045,830046,Black Gram (Urd Beans),Karnataka,Hassan,Hassan,2016-06-22,15700.0,2.0
830046,830047,Black Gram (Urd Beans),Karnataka,Hassan,Hassan,2016-06-30,17520.0,37.0
830047,830048,Black Gram (Urd Beans),Karnataka,Hassan,Hassan,2016-07-27,15000.0,2.0
830048,830049,Black Gram (Urd Beans),Karnataka,Hassan,Hassan,2016-07-29,15500.0,2.0
830049,830050,Black Gram (Urd Beans),Karnataka,Hassan,Hassan,2016-08-18,13700.0,1.0
830050,830051,Black Gram (Urd Beans),Karnataka,Hassan,Hassan,2016-08-22,15520.0,12.0
830051,830052,Black Gram (Urd Beans),Karnataka,Hassan,Hassan,2016-08-29,13700.0,25.0
830052,830053,Black Gram (Urd Beans),Karnataka,Hassan,Hassan,2016-01-09,13440.0,2.0
830053,830054,Black Gram (Urd Beans),Karnataka,Hassan,Hassan,2016-09-15,15500.0,9.0
830054,830055,Black Gram (Urd Beans),Karnataka,Hassan,Hassan,2016-09-20,11772.0,1.0
830055,830056,Black Gram (Urd Beans),Karnataka,Hassan,Hassan,2016-09-29,8500.0,37.0
830056,830057,Black Gram (Urd Beans),Karnataka,Hassan,Hassan,2016-10-19,13500.0,22.0
830057,830058,Black Gram (Urd Beans),Karnataka,Hassan,Hassan,2016-10-28,12200.0,9.0
830058,830059,Black Gram (Urd Beans),Karnataka,Hassan,Hassan,2016-11-23,10588.0,3.0
830059,830060,Black Gram (Urd Beans),Karnataka,Hassan,Hassan,2016-11-24,11180.0,4.0
830060,830061,Black Gram (Urd Beans),Karnataka,Hassan,Hassan,2016-11-28,10400.0,2.0
830061,830062,Black Gram (Urd Beans),Karnataka,Hassan,Hassan,2016-11-30,11513.0,4.0
830062,830063,Black Gram (Urd Beans),Karnataka,Hassan,Hassan,2016-12-15,10250.0,30.0
830063,830064,Black Gram (Urd Beans),Karnataka,Hassan,Hassan,2016-12-30,10510.0,1.0
830064,830065,Black Gram (Urd Beans),Karnataka,Hassan,Holenarsipura,2016-10-27,5600.0,1.0
830065,830066,Black Gram (Urd Beans),Karnataka,Hassan,Holenarsipura,2016-12-23,5200.0,0.0
830066,830067,Black Gram (Urd Beans),Karnataka,Hassan,Holenarsipura,2016-12-29,5200.0,0.0
875987,875988,Green Gram (Moong),Karnataka,Hassan,Arasikere,2016-07-25,5200.0,14.0
875988,875989,Green Gram (Moong),Karnataka,Hassan,Arasikere,2016-07-29,6300.0,18.0
875989,875990,Green Gram (Moong),Karnataka,Hassan,Arasikere,2016-07-30,4800.0,23.0
875990,875991,Green Gram (Moong),Karnataka,Hassan,Arasikere,2016-06-08,5428.0,17.0
875991,875992,Green Gram (Moong),Karnataka,Hassan,Arasikere,2016-08-08,5272.0,10.0
875992,875993,Green Gram (Moong),Karnataka,Hassan,Arasikere,2016-09-08,5300.0,10.0
875993,875994,Green Gram (Moong),Karnataka,Hassan,Arasikere,2016-10-08,4730.0,21.0
875994,875995,Green Gram (Moong),Karnataka,Hassan,Arasikere,2016-12-08,5550.0,16.0
875995,875996,Green Gram (Moong),Karnataka,Hassan,Arasikere,2016-08-16,5000.0,19.0
875996,875997,Green Gram (Moong),Karnataka,Hassan,Arasikere,2016-08-18,4300.0,16.0
875997,875998,Green Gram (Moong),Karnataka,Hassan,Arasikere,2016-08-22,4000.0,17.0
875998,875999,Green Gram (Moong),Karnataka,Hassan,Arasikere,2016-08-24,4050.0,16.0
875999,876000,Green Gram (Moong),Karnataka,Hassan,Arasikere,2016-08-29,4000.0,16.0
876000,876001,Green Gram (Moong),Karnataka,Hassan,Arasikere,2016-02-09,4120.0,8.0
876001,876002,Green Gram (Moong),Karnataka,Hassan,Arasikere,2016-09-21,4100.0,16.0
876002,876003,Green Gram (Moong),Karnataka,Hassan,Arasikere,2016-05-11,4100.0,2.0
876003,876004,Green Gram (Moong),Karnataka,Hassan,Channarayapatna,2016-06-08,4500.0,1.0
876004,876005,Green Gram (Moong),Karnataka,Hassan,Holenarsipura,2016-05-08,5500.0,0.0
951831,951832,Arhar (Tur/Red Gram),Karnataka,Hassan,Arasikere,2017-03-01,9100.0,2.0
951832,951833,Arhar (Tur/Red Gram),Karnataka,Hassan,Arasikere,2017-09-01,5900.0,2.0
951833,951834,Arhar (Tur/Red Gram),Karnataka,Hassan,Arasikere,2017-10-01,5900.0,2.0
951834,951835,Arhar (Tur/Red Gram),Karnataka,Hassan,Arasikere,2017-01-18,5850.0,2.0
951835,951836,Arhar (Tur/Red Gram),Karnataka,Hassan,Arasikere,2017-01-25,7300.0,2.0
951836,951837,Arhar (Tur/Red Gram),Karnataka,Hassan,Arasikere,2017-01-28,6400.0,9.0
951837,951838,Arhar (Tur/Red Gram),Karnataka,Hassan,Arasikere,2017-07-02,6400.0,5.0
951838,951839,Arhar (Tur/Red Gram),Karnataka,Hassan,Arasikere,2017-02-13,6100.0,6.0
951839,951840,Arhar (Tur/Red Gram),Karnataka,Hassan,Arasikere,2017-02-28,5900.0,3.0
951840,951841,Arhar (Tur/Red Gram),Karnataka,Hassan,Arasikere,2017-06-03,7500.0,2.0
951841,951842,Arhar (Tur/Red Gram),Karnataka,Hassan,Arasikere,2017-08-03,5800.0,5.0
951842,951843,Arhar (Tur/Red Gram),Karnataka,Hassan,Arasikere,2017-10-03,7500.0,3.0
951843,951844,Arhar (Tur/Red Gram),Karnataka,Hassan,Arasikere,2017-03-16,6900.0,2.0
951844,951845,Arhar (Tur/Red Gram),Karnataka,Hassan,Arasikere,2017-03-17,6900.0,2.0
951845,951846,Arhar (Tur/Red Gram),Karnataka,Hassan,Arasikere,2017-04-04,7100.0,2.0
951846,951847,Arhar (Tur/Red Gram),Karnataka,Hassan,Arasikere,2017-04-18,7100.0,3.0
951847,951848,Arhar (Tur/Red Gram),Karnataka,Hassan,Arasikere,2017-04-27,6000.0,5.0
951848,951849,Arhar (Tur/Red Gram),Karnataka,Hassan,Arasikere,2017-10-05,6400.0,2.0
951849,951850,Arhar (Tur/Red Gram),Karnataka,Hassan,Arasikere,2017-12-05,6400.0,2.0
951850,951851,Arhar (Tur/Red Gram),Karnataka,Hassan,Arasikere,2017-05-15,5750.0,6.0
951851,951852,Arhar (Tur/Red Gram),Karnataka,Hassan,Arasikere,2017-05-20,5750.0,3.0
951852,951853,Arhar (Tur/Red Gram),Karnataka,Hassan,Arasikere,2017-06-16,6300.0,2.0
951853,951854,Arhar (Tur/Red Gram),Karnataka,Hassan,Arasikere,2017-06-17,6550.0,4.0
951854,951855,Arhar (Tur/Red Gram),Karnataka,Hassan,Arasikere,2017-06-20,5450.0,3.0
951855,951856,Arhar (Tur/Red Gram),Karnataka,Hassan,Arasikere,2017-07-18,5700.0,4.0
951856,951857,Arhar (Tur/Red Gram),Karnataka,Hassan,Arasikere,2017-05-08,6000.0,2.0
951857,951858,Arhar (Tur/Red Gram),Karnataka,Hassan,Arasikere,2017-09-27,5500.0,1.0
951858,951859,Arhar (Tur/Red Gram),Karnataka,Hassan,Arasikere,2017-03-10,6400.0,2.0
951859,951860,Arhar (Tur/Red Gram),Karnataka,Hassan,Arasikere,2017-02-11,6150.0,2.0
951860,951861,Arhar (Tur/Red Gram),Karnataka,Hassan,Arasikere,2017-04-11,6000.0,2.0
951861,951862,Arhar (Tur/Red Gram),Karnataka,Hassan,Hassan,2017-01-28,11210.0,37.0
951862,951863,Arhar (Tur/Red Gram),Karnataka,Hassan,Hassan,2017-02-21,7200.0,9.0
951863,951864,Arhar (Tur/Red Gram),Karnataka,Hassan,Hassan,2017-02-28,7300.0,34.0
951864,951865,Arhar (Tur/Red Gram),Karnataka,Hassan,Hassan,2017-01-03,7010.0,2.0
951865,951866,Arhar (Tur/Red Gram),Karnataka,Hassan,Hassan,2017-03-31,7045.0,110.0
951866,951867,Arhar (Tur/Red Gram),Karnataka,Hassan,Hassan,2017-04-28,7350.0,71.0
951867,951868,Arhar (Tur/Red Gram),Karnataka,Hassan,Hassan,2017-05-31,6500.0,64.0
951868,951869,Arhar (Tur/Red Gram),Karnataka,Hassan,Hassan,2017-06-30,6400.0,57.0
951869,951870,Arhar (Tur/Red Gram),Karnataka,Hassan,Hassan,2017-07-31,7500.0,41.0
951870,951871,Arhar (Tur/Red Gram),Karnataka,Hassan,Hassan,2017-08-31,6100.0,27.0
951871,951872,Arhar (Tur/Red Gram),Karnataka,Hassan,Hassan,2017-09-22,7292.0,7.0
951872,951873,Arhar (Tur/Red Gram),Karnataka,Hassan,Hassan,2017-09-28,7200.0,6.0
951873,951874,Arhar (Tur/Red Gram),Karnataka,Hassan,Hassan,2017-10-25,6100.0,2.0
951874,951875,Arhar (Tur/Red Gram),Karnataka,Hassan,Hassan,2017-10-31,6900.0,17.0
1003027,1003028,Bengal Gram(Gram),Karnataka,Hassan,Arasikere,2017-02-01,8500.0,0.0
1003028,1003029,Bengal Gram(Gram),Karnataka,Hassan,Arasikere,2017-03-01,9000.0,5.0
1003029,1003030,Bengal Gram(Gram),Karnataka,Hassan,Arasikere,2017-05-01,10500.0,2.0
1003030,1003031,Bengal Gram(Gram),Karnataka,Hassan,Arasikere,2017-02-02,7850.0,9.0
1003031,1003032,Bengal Gram(Gram),Karnataka,Hassan,Arasikere,2017-06-02,8900.0,8.0
1003032,1003033,Bengal Gram(Gram),Karnataka,Hassan,Arasikere,2017-07-02,6225.0,24.0
1003033,1003034,Bengal Gram(Gram),Karnataka,Hassan,Arasikere,2017-10-02,9500.0,5.0
1003034,1003035,Bengal Gram(Gram),Karnataka,Hassan,Arasikere,2017-02-23,5600.0,1838.0
1003035,1003036,Bengal Gram(Gram),Karnataka,Hassan,Arasikere,2017-02-03,6270.0,5.0
1003036,1003037,Bengal Gram(Gram),Karnataka,Hassan,Arasikere,2017-08-03,5851.0,45.0
1003037,1003038,Bengal Gram(Gram),Karnataka,Hassan,Arasikere,2017-10-03,5400.0,2.0
1003038,1003039,Bengal Gram(Gram),Karnataka,Hassan,Arasikere,2017-03-14,5451.0,21.0
1003039,1003040,Bengal Gram(Gram),Karnataka,Hassan,Arasikere,2017-03-21,6350.0,2.0
1003040,1003041,Bengal Gram(Gram),Karnataka,Hassan,Arasikere,2017-03-23,6150.0,14.0
1003041,1003042,Bengal Gram(Gram),Karnataka,Hassan,Arasikere,2017-12-04,7300.0,9.0
1003042,1003043,Bengal Gram(Gram),Karnataka,Hassan,Arasikere,2017-04-20,6750.0,3.0
1003043,1003044,Bengal Gram(Gram),Karnataka,Hassan,Arasikere,2017-04-21,6750.0,4.0
1003044,1003045,Bengal Gram(Gram),Karnataka,Hassan,Arasikere,2017-04-27,6500.0,6.0
1003045,1003046,Bengal Gram(Gram),Karnataka,Hassan,Arasikere,2017-03-05,6108.0,150.0
1003046,1003047,Bengal Gram(Gram),Karnataka,Hassan,Arasikere,2017-08-05,6750.0,3.0
1003047,1003048,Bengal Gram(Gram),Karnataka,Hassan,Arasikere,2017-11-05,6945.0,32.0
1003048,1003049,Bengal Gram(Gram),Karnataka,Hassan,Arasikere,2017-05-25,6375.0,7.0
1003049,1003050,Bengal Gram(Gram),Karnataka,Hassan,Arasikere,2017-05-31,6255.0,28.0
1003050,1003051,Bengal Gram(Gram),Karnataka,Hassan,Arasikere,2017-04-07,5550.0,17.0
1003051,1003052,Bengal Gram(Gram),Karnataka,Hassan,Arasikere,2017-07-20,5800.0,21.0
1003052,1003053,Bengal Gram(Gram),Karnataka,Hassan,Arasikere,2017-07-28,6450.0,3.0
1003053,1003054,Bengal Gram(Gram),Karnataka,Hassan,Arasikere,2017-07-31,5700.0,17.0
1003054,1003055,Bengal Gram(Gram),Karnataka,Hassan,Arasikere,2017-03-08,6300.0,10.0
1003055,1003056,Bengal Gram(Gram),Karnataka,Hassan,Arasikere,2017-09-08,5900.0,15.0
1003056,1003057,Bengal Gram(Gram),Karnataka,Hassan,Arasikere,2017-10-08,6050.0,9.0
1003057,1003058,Bengal Gram(Gram),Karnataka,Hassan,Arasikere,2017-08-19,6500.0,12.0
1003058,1003059,Bengal Gram(Gram),Karnataka,Hassan,Arasikere,2017-08-22,6400.0,4.0
1003059,1003060,Bengal Gram(Gram),Karnataka,Hassan,Arasikere,2017-08-31,5000.0,3.0
1003060,1003061,Bengal Gram(Gram),Karnataka,Hassan,Arasikere,2017-06-09,7200.0,3.0
1003061,1003062,Bengal Gram(Gram),Karnataka,Hassan,Arasikere,2017-11-09,6700.0,12.0
1003062,1003063,Bengal Gram(Gram),Karnataka,Hassan,Arasikere,2017-09-21,7100.0,6.0
1003063,1003064,Bengal Gram(Gram),Karnataka,Hassan,Arasikere,2017-07-10,6375.0,83.0
1003064,1003065,Bengal Gram(Gram),Karnataka,Hassan,Arasikere,2017-09-10,6375.0,8.0
1003065,1003066,Bengal Gram(Gram),Karnataka,Hassan,Arasikere,2017-10-13,6201.0,5.0
1003066,1003067,Bengal Gram(Gram),Karnataka,Hassan,Arasikere,2017-10-19,6050.0,2.0
1003067,1003068,Bengal Gram(Gram),Karnataka,Hassan,Arasikere,2017-10-23,6050.0,12.0
1003068,1003069,Bengal Gram(Gram),Karnataka,Hassan,Arasikere,2017-02-11,6051.0,5.0
1003069,1003070,Bengal Gram(Gram),Karnataka,Hassan,Hassan,2017-02-21,8450.0,13.0
1003070,1003071,Bengal Gram(Gram),Karnataka,Hassan,Hassan,2017-02-28,7800.0,27.0
1003071,1003072,Bengal Gram(Gram),Karnataka,Hassan,Hassan,2017-01-03,5501.0,1.0
1003072,1003073,Bengal Gram(Gram),Karnataka,Hassan,Hassan,2017-03-31,6200.0,73.0
1003073,1003074,Bengal Gram(Gram),Karnataka,Hassan,Hassan,2017-04-28,7375.0,56.0
1003074,1003075,Bengal Gram(Gram),Karnataka,Hassan,Hassan,2017-05-31,7200.0,45.0
1003075,1003076,Bengal Gram(Gram),Karnataka,Hassan,Hassan,2017-06-30,7248.0,31.0
1003076,1003077,Bengal Gram(Gram),Karnataka,Hassan,Hassan,2017-07-31,6800.0,11.0
1003077,1003078,Bengal Gram(Gram),Karnataka,Hassan,Hassan,2017-08-31,9353.0,2.0
1003078,1003079,Bengal Gram(Gram),Karnataka,Hassan,Hassan,2017-09-22,7400.0,103.0
1003079,1003080,Bengal Gram(Gram),Karnataka,Hassan,Hassan,2017-09-28,7450.0,24.0
1003080,1003081,Bengal Gram(Gram),Karnataka,Hassan,Hassan,2017-10-25,7200.0,13.0
1003081,1003082,Bengal Gram(Gram),Karnataka,Hassan,Hassan,2017-10-31,7000.0,16.0
1003082,1003083,Bengal Gram(Gram),Karnataka,Hassan,Holenarsipura,2017-02-03,5500.0,0.0
1003083,1003084,Bengal Gram(Gram),Karnataka,Hassan,Holenarsipura,2017-04-20,6500.0,0.0
1003084,1003085,Bengal Gram(Gram),Karnataka,Hassan,Holenarsipura,2017-10-13,5800.0,0.0
1078853,1078854,Black Gram (Urd Beans),Karnataka,Hassan,Arasikere,2017-01-24,8823.0,5.0
1078854,1078855,Black Gram (Urd Beans),Karnataka,Hassan,Arasikere,2017-08-03,8235.0,3.0
1078855,1078856,Black Gram (Urd Beans),Karnataka,Hassan,Arasikere,2017-10-03,9500.0,2.0
1078856,1078857,Black Gram (Urd Beans),Karnataka,Hassan,Arasikere,2017-03-21,8823.0,3.0
1078857,1078858,Black Gram (Urd Beans),Karnataka,Hassan,Arasikere,2017-06-04,7200.0,1655.0
1078858,1078859,Black Gram (Urd Beans),Karnataka,Hassan,Arasikere,2017-04-25,10500.0,1.0
1078859,1078860,Black Gram (Urd Beans),Karnataka,Hassan,Arasikere,2017-08-05,10100.0,1.0
1078860,1078861,Black Gram (Urd Beans),Karnataka,Hassan,Arasikere,2017-12-05,8529.0,3.0
1078861,1078862,Black Gram (Urd Beans),Karnataka,Hassan,Arasikere,2017-06-06,10000.0,2.0
1078862,1078863,Black Gram (Urd Beans),Karnataka,Hassan,Arasikere,2017-08-19,7400.0,2.0
1078863,1078864,Black Gram (Urd Beans),Karnataka,Hassan,Arasikere,2017-08-22,9600.0,1.0
1078864,1078865,Black Gram (Urd Beans),Karnataka,Hassan,Arasikere,2017-09-25,7800.0,2.0
1078865,1078866,Black Gram (Urd Beans),Karnataka,Hassan,Arasikere,2017-10-13,9200.0,1.0
1078866,1078867,Black Gram (Urd Beans),Karnataka,Hassan,Arasikere,2017-04-11,8800.0,1.0
1078867,1078868,Black Gram (Urd Beans),Karnataka,Hassan,Hassan,2017-02-21,8700.0,15.0
1078868,1078869,Black Gram (Urd Beans),Karnataka,Hassan,Hassan,2017-02-28,8800.0,25.0
1078869,1078870,Black Gram (Urd Beans),Karnataka,Hassan,Hassan,2017-03-23,9000.0,3.0
1078870,1078871,Black Gram (Urd Beans),Karnataka,Hassan,Hassan,2017-03-31,9000.0,32.0
1078871,1078872,Black Gram (Urd Beans),Karnataka,Hassan,Hassan,2017-04-28,10500.0,41.0
1078872,1078873,Black Gram (Urd Beans),Karnataka,Hassan,Hassan,2017-05-31,10100.0,33.0
1078873,1078874,Black Gram (Urd Beans),Karnataka,Hassan,Hassan,2017-06-30,9500.0,42.0
1078874,1078875,Black Gram (Urd Beans),Karnataka,Hassan,Hassan,2017-07-31,7800.0,31.0
1078875,1078876,Black Gram (Urd Beans),Karnataka,Hassan,Hassan,2017-08-31,9000.0,43.0
1078876,1078877,Black Gram (Urd Beans),Karnataka,Hassan,Hassan,2017-09-22,8400.0,28.0
1078877,1078878,Black Gram (Urd Beans),Karnataka,Hassan,Hassan,2017-09-28,9800.0,3.0
1078878,1078879,Black Gram (Urd Beans),Karnataka,Hassan,Hassan,2017-10-25,9000.0,22.0
1078879,1078880,Black Gram (Urd Beans),Karnataka,Hassan,Hassan,2017-10-31,8800.0,13.0
1078880,1078881,Black Gram (Urd Beans),Karnataka,Hassan,Holenarsipura,2017-01-01,5000.0,0.0
1122963,1122964,Green Gram (Moong),Karnataka,Hassan,Arasikere,2017-05-07,5130.0,12.0
1122964,1122965,Green Gram (Moong),Karnataka,Hassan,Arasikere,2017-07-07,5140.0,22.0
1122965,1122966,Green Gram (Moong),Karnataka,Hassan,Arasikere,2017-07-14,5000.0,27.0
1122966,1122967,Green Gram (Moong),Karnataka,Hassan,Arasikere,2017-07-17,5300.0,10.0
1122967,1122968,Green Gram (Moong),Karnataka,Hassan,Arasikere,2017-07-18,4720.0,15.0
1122968,1122969,Green Gram (Moong),Karnataka,Hassan,Arasikere,2017-07-21,5480.0,3.0
1122969,1122970,Green Gram (Moong),Karnataka,Hassan,Arasikere,2017-07-24,4800.0,6.0
1122970,1122971,Green Gram (Moong),Karnataka,Hassan,Arasikere,2017-07-26,4250.0,42.0
1122971,1122972,Green Gram (Moong),Karnataka,Hassan,Arasikere,2017-07-27,4060.0,17.0
1122972,1122973,Green Gram (Moong),Karnataka,Hassan,Arasikere,2017-07-28,4300.0,18.0
1122973,1122974,Green Gram (Moong),Karnataka,Hassan,Arasikere,2017-01-08,3900.0,52.0
1122974,1122975,Green Gram (Moong),Karnataka,Hassan,Arasikere,2017-02-08,4900.0,16.0
1122975,1122976,Green Gram (Moong),Karnataka,Hassan,Arasikere,2017-03-08,4030.0,30.0
1122976,1122977,Green Gram (Moong),Karnataka,Hassan,Arasikere,2017-05-08,5500.0,9.0
1122977,1122978,Green Gram (Moong),Karnataka,Hassan,Arasikere,2017-09-08,4225.0,18.0
1122978,1122979,Green Gram (Moong),Karnataka,Hassan,Arasikere,2017-10-08,4960.0,17.0
1122979,1122980,Green Gram (Moong),Karnataka,Hassan,Arasikere,2017-08-14,4400.0,2.0
1122980,1122981,Green Gram (Moong),Karnataka,Hassan,Arasikere,2017-08-16,4375.0,19.0
1122981,1122982,Green Gram (Moong),Karnataka,Hassan,Arasikere,2017-04-09,4670.0,11.0
1122982,1122983,Green Gram (Moong),Karnataka,Hassan,Arasikere,2017-06-09,4850.0,10.0
1122983,1122984,Green Gram (Moong),Karnataka,Hassan,Channarayapatna,2017-01-07,5000.0,5.0
1122984,1122985,Green Gram (Moong),Karnataka,Hassan,Channarayapatna,2017-06-07,5125.0,6.0
1122985,1122986,Green Gram (Moong),Karnataka,Hassan,Channarayapatna,2017-08-07,5330.0,12.0
1122986,1122987,Green Gram (Moong),Karnataka,Hassan,Channarayapatna,2017-07-14,5300.0,10.0
1122987,1122988,Green Gram (Moong),Karnataka,Hassan,Channarayapatna,2017-07-15,5000.0,3.0
1122988,1122989,Green Gram (Moong),Karnataka,Hassan,Channarayapatna,2017-07-25,5180.0,29.0
1122989,1122990,Green Gram (Moong),Karnataka,Hassan,Channarayapatna,2017-07-29,5000.0,2.0
1122990,1122991,Green Gram (Moong),Karnataka,Hassan,Channarayapatna,2017-03-08,5080.0,15.0
1122991,1122992,Green Gram (Moong),Karnataka,Hassan,Channarayapatna,2017-08-13,5580.0,10.0
1122992,1122993,Green Gram (Moong),Karnataka,Hassan,Holenarsipura,2017-06-16,3500.0,0.0
1122993,1122994,Green Gram (Moong),Karnataka,Hassan,Holenarsipura,2017-06-28,3500.0,0.0
